pitch_type,game_date,release_speed,release_pos_x,release_pos_z,player_name,batter,pitcher,events,description,spin_dir,spin_rate_deprecated,break_angle_deprecated,break_length_deprecated,zone,des,game_type,stand,p_throws,home_team,away_team,type,hit_location,bb_type,balls,strikes,game_year,pfx_x,pfx_z,plate_x,plate_z,on_3b,on_2b,on_1b,outs_when_up,inning,inning_topbot,hc_x,hc_y,tfs_deprecated,tfs_zulu_deprecated,pos2_person_id,umpire,sv_id,vx0,vy0,vz0,ax,ay,az,sz_top,sz_bot,hit_distance_sc,launch_speed,launch_angle,effective_speed,release_spin_rate,release_extension,game_pk,pos1_person_id,pos2_person_id.1,pos3_person_id,pos4_person_id,pos5_person_id,pos6_person_id,pos7_person_id,pos8_person_id,pos9_person_id,release_pos_y,estimated_ba_using_speedangle,estimated_woba_using_speedangle,woba_value,woba_denom,babip_value,iso_value,launch_speed_angle,at_bat_number,pitch_number,barrel
FF,2017-04-07,96.4,-1.5959,5.7732,Phil Gosselin,594838,527055,field_out,hit_into_play,NA,NA,NA,NA,3,"Phil Gosselin grounds out, shortstop Dansby Swanson to first baseman Freddie Freeman.   Andrew McCutchen to 3rd.",R,R,R,PIT,ATL,X,6,ground_ball,3,2,2017,-1.0935,1.5433,0.3328,2.9003,NA,457705,NA,1,8,Bot,108.56,152.52,NA,NA,435559,NA,170407_201653,7.4068,-139.8229,-5.3092,-15.6583,33.4953,-11.5793,3.39,1.59,7,96.9,-21.25,94.569,2158,5.545,490148,527055,435559,518692,408252,611177,621020,488818,542255,455976,54.9561,0.172,0.158,0,1,0,0,2,75,8,0
SL,2017-04-07,81.2,-1.47,5.9891,Phil Gosselin,594838,527055,NA,ball,NA,NA,NA,NA,14,NA,R,R,R,PIT,ATL,B,NA,NA,2,2,2017,0.9307,-0.2006,2.738,-0.5559,NA,NA,457705,1,8,Bot,NA,NA,NA,NA,435559,NA,170407_201555,7.495,-117.4918,-7.2033,6.2477,28.632,-32.5205,3.39,1.59,NA,NA,NA,78.064,2569,5.056,490148,527055,435559,518692,408252,611177,621020,488818,542255,455976,55.4455,0,0,NA,NA,NA,NA,NA,75,7,NA
FF,2017-04-07,96.5,-1.6776,5.7646,Phil Gosselin,594838,527055,NA,foul,NA,NA,NA,NA,8,NA,R,R,R,PIT,ATL,S,NA,NA,2,2,2017,-0.9441,1.8637,0.0431,1.9254,NA,NA,457705,1,8,Bot,NA,NA,NA,NA,435559,NA,170407_201527,6.5682,-139.8742,-8.5182,-13.6764,36.772,-6.6371,3.39,1.59,NA,NA,NA,94.394,2432,5.657,490148,527055,435559,518692,408252,611177,621020,488818,542255,455976,54.8443,0,0,NA,NA,NA,NA,NA,75,6,NA
FF,2017-04-07,95.8,-1.6616,5.8631,Phil Gosselin,594838,527055,NA,foul,NA,NA,NA,NA,5,NA,R,R,R,PIT,ATL,S,NA,NA,2,2,2017,-1.1451,1.8063,-0.2174,2.4059,NA,NA,457705,1,8,Bot,NA,NA,NA,NA,435559,NA,170407_201453,6.219,-138.8895,-7.2034,-15.8807,38.0544,-8.1504,3.39,1.59,173,71.6,54.2071,93.325,2453,5.548,490148,527055,435559,518692,408252,611177,621020,488818,542255,455976,54.953,0,0,NA,NA,NA,NA,3,75,5,0
FF,2017-04-07,96.2,-1.7941,5.7261,Phil Gosselin,594838,527055,NA,foul,NA,NA,NA,NA,2,NA,R,R,R,PIT,ATL,S,NA,NA,2,1,2017,-0.981,1.3821,0.0442,2.9073,NA,NA,457705,1,8,Bot,NA,NA,NA,NA,435559,NA,170407_201425,6.9621,-139.6234,-4.8117,-14.2033,34.8863,-13.6851,3.39,1.59,187,71.6,57.5844,94.6,2379,5.752,490148,527055,435559,518692,408252,611177,621020,488818,542255,455976,54.7498,0,0,NA,NA,NA,NA,3,75,4,0
FT,2017-04-07,95.2,-1.73,5.6994,Phil Gosselin,594838,527055,NA,ball,NA,NA,NA,NA,11,NA,R,R,R,PIT,ATL,B,NA,NA,1,1,2017,-1.2451,1.2932,-1.8598,2.6645,NA,NA,457705,1,8,Bot,NA,NA,NA,NA,435559,NA,170407_201401,2.3191,-138.4253,-5.0183,-16.0006,32.131,-15.2217,3.39,1.59,NA,NA,NA,93.53,2273,5.437,490148,527055,435559,518692,408252,611177,621020,488818,542255,455976,55.0643,0,0,NA,NA,NA,NA,NA,75,3,NA
SL,2017-04-07,85.4,-1.7476,6,Phil Gosselin,594838,527055,NA,ball,NA,NA,NA,NA,12,NA,R,R,R,PIT,ATL,B,NA,NA,0,1,2017,-0.1356,0.4592,1.9284,2.5344,NA,NA,457705,1,8,Bot,NA,NA,NA,NA,435559,NA,170407_201312,8.711,-123.5638,-2.3985,-3.7018,34.0034,-27.4642,3.39,1.59,NA,NA,NA,82.189,2228,5.347,490148,527055,435559,518692,408252,611177,621020,488818,542255,455976,55.1542,0,0,NA,NA,NA,NA,NA,75,2,NA
FF,2017-04-07,95.2,-1.5077,5.8676,Phil Gosselin,594838,527055,NA,called_strike,NA,NA,NA,NA,9,NA,R,R,R,PIT,ATL,S,NA,NA,0,0,2017,-1.0827,1.5579,0.5832,1.9338,NA,NA,457705,1,8,Bot,NA,NA,NA,NA,435559,NA,170407_201237,7.7106,-137.9573,-7.8179,-15.2735,35.1505,-11.3233,3.39,1.59,NA,NA,NA,93.025,2273,5.564,490148,527055,435559,518692,408252,611177,621020,488818,542255,455976,54.9369,0,0,NA,NA,NA,NA,NA,75,1,NA
SI,2017-04-05,87.6,4.3277,4.1571,Phil Gosselin,594838,582494,strikeout,swinging_strike,NA,NA,NA,NA,5,Phil Gosselin strikes out swinging.,R,R,L,BOS,PIT,S,NA,NA,2,2,2017,1.663,1.1883,-0.129,2.1686,NA,NA,465041,2,10,Top,NA,NA,NA,NA,506702,NA,170406_020753,-13.9372,-126.6186,-0.9514,20.5442,27.4725,-19.7016,3.36,1.55,NA,NA,NA,86.172,2230,5.892,490130,582494,506702,519048,456030,467055,593428,643217,598265,455759,54.6082,0,0,0,1,0,0,NA,67,6,NA
CU,2017-04-05,73,4.1314,4.1122,Phil Gosselin,594838,582494,NA,foul,NA,NA,NA,NA,9,NA,R,R,L,BOS,PIT,S,NA,NA,2,2,2017,-1.6214,0.1111,0.4628,1.576,NA,NA,465041,2,10,Top,NA,NA,NA,NA,506702,NA,170406_020721,-4.5904,-106.1139,2.1782,-11.1539,20.7802,-32.0288,3.36,1.55,NA,NA,NA,72.382,2251,6.207,490130,582494,506702,519048,456030,467055,593428,643217,598265,455759,54.2929,0,0,NA,NA,NA,NA,NA,67,5,NA
SI,2017-04-05,87.5,4.1297,4.3499,Phil Gosselin,594838,582494,NA,ball,NA,NA,NA,NA,12,NA,R,R,L,BOS,PIT,B,NA,NA,1,2,2017,1.5737,1.3081,0.9392,3.859,NA,NA,465041,2,10,Top,NA,NA,NA,NA,506702,NA,170406_020654,-10.9364,-126.9118,2.3563,19.3748,28.9217,-18.9136,3.36,1.55,NA,NA,NA,86.978,2204,6.398,490130,582494,506702,519048,456030,467055,593428,643217,598265,455759,54.102,0,0,NA,NA,NA,NA,NA,67,4,NA
CU,2017-04-05,72.5,3.065,5.1078,Phil Gosselin,594838,582494,NA,called_strike,NA,NA,NA,NA,9,NA,R,R,L,BOS,PIT,S,NA,NA,1,1,2017,-1.2945,-0.9741,0.2977,1.7923,NA,NA,465041,2,10,Top,NA,NA,NA,NA,506702,NA,170406_020601,-3.3171,-105.4564,2.5401,-8.971,19.8197,-40.1059,3.36,1.55,NA,NA,NA,72.296,2304,6.395,490130,582494,506702,519048,456030,467055,593428,643217,598265,455759,54.1045,0,0,NA,NA,NA,NA,NA,67,3,NA
CH,2017-04-05,83.3,3.4255,4.9806,Phil Gosselin,594838,582494,NA,foul,NA,NA,NA,NA,9,NA,R,R,L,BOS,PIT,S,NA,NA,1,0,2017,1.3844,0.4494,0.4407,1.8847,NA,NA,465041,2,10,Top,NA,NA,NA,NA,506702,NA,170406_020529,-9.6445,-121.0596,-1.5486,15.6039,23.231,-27.6096,3.36,1.55,8,57.7,-13.8314,83.749,1507,6.617,490130,582494,506702,519048,456030,467055,593428,643217,598265,455759,53.8825,0,0,NA,NA,NA,NA,1,67,2,0
CH,2017-04-05,84,3.6186,4.8358,Phil Gosselin,594838,582494,NA,ball,NA,NA,NA,NA,14,NA,R,R,L,BOS,PIT,B,NA,NA,0,0,2017,1.4399,0.5059,0.7204,1.3722,NA,NA,465041,2,10,Top,NA,NA,NA,NA,506702,NA,170406_020510,-9.6511,-121.9577,-2.6222,16.4363,23.9076,-26.7461,3.36,1.55,NA,NA,NA,84.451,1638,6.701,490130,582494,506702,519048,456030,467055,593428,643217,598265,455759,53.7988,0,0,NA,NA,NA,NA,NA,67,1,NA
SL,2017-04-15,80.6,-1.675,5.7539,Phil Gosselin,594838,493157,single,hit_into_play_no_out,NA,NA,NA,NA,5,Phil Gosselin singles on a bunt ground ball to third baseman Kris Bryant.,R,R,R,CHC,PIT,X,NA,ground_ball,0,0,2017,-0.4905,0.7664,-0.1554,2.7124,NA,NA,NA,0,8,Top,112.63,186.36,NA,NA,575929,NA,170415_211111,4.1986,-117.0164,-1.496,-5.138,20.7677,-25.2891,3.924,1.627,4,35.3,-36.0151,79.448,2168,5.482,490265,493157,575929,519203,595879,592178,608365,656941,518792,450314,55.0282,0.111,0.11,0.9,1,1,0,1,66,1,0
SI,2017-04-14,92.4,2.8206,6.1747,Phil Gosselin,594838,488846,field_out,hit_into_play,NA,NA,NA,NA,14,Phil Gosselin lines out to right fielder Ben Zobrist.,R,R,L,CHC,PIT,X,9,line_drive,0,0,2017,1.5751,1.2459,0.0872,1.4963,NA,NA,NA,0,7,Top,183.06,120.23,NA,NA,471083,NA,170414_203625,-10.2111,-133.6532,-8.6158,20.8433,28.4984,-15.8012,3.924,1.627,278,83.8,28.177,91.377,1886,6.002,490250,488846,471083,519203,595879,592178,608365,656941,518792,450314,54.524,0.058,0.068,0,1,0,0,3,52,1,0
SL,2017-04-13,88.2,-0.9781,5.819,Phil Gosselin,594838,592390,field_out,hit_into_play,NA,NA,NA,NA,9,"Phil Gosselin grounds out sharply, second baseman Dustin Pedroia to first baseman Mitch Moreland.",R,R,R,BOS,PIT,X,4,ground_ball,0,1,2017,0.325,0.6597,0.6103,1.56,NA,NA,NA,0,7,Top,136.99,148.23,NA,NA,543877,NA,170413_200942,3.1918,-128.1382,-5.6232,2.9197,26.8794,-23.9205,3.36,1.55,38,88.1,0.394,88.281,2501,6.456,490143,592390,543877,519048,456030,593523,593428,571788,643217,605141,54.0444,0.333,0.316,0,1,0,0,2,48,2,0
SL,2017-04-13,88.3,-0.948,5.8061,Phil Gosselin,594838,592390,NA,swinging_strike,NA,NA,NA,NA,14,NA,R,R,R,BOS,PIT,S,NA,NA,0,0,2017,0.3892,0.9054,0.592,1.4008,NA,NA,NA,0,7,Top,NA,NA,NA,NA,543877,NA,170413_200924,2.9308,-128.1145,-6.3748,3.5512,29.11,-21.1631,3.36,1.55,NA,NA,NA,87.399,2491,6.1,490143,592390,543877,519048,456030,593523,593428,571788,643217,605141,54.4003,0,0,NA,NA,NA,NA,NA,48,1,NA
FF,2017-04-13,92.9,2.1123,5.4384,Phil Gosselin,594838,593958,field_out,hit_into_play,NA,NA,NA,NA,11,Phil Gosselin pops out to second baseman Dustin Pedroia.,R,R,L,BOS,PIT,X,4,popup,0,2,2017,0.7751,1.1273,-1.1922,2.5974,NA,NA,501896,2,4,Top,161.88,137.32,NA,NA,543877,NA,170413_191801,-10.0379,-134.4647,-3.7822,11.6394,32.119,-18.0809,3.36,1.55,173,65.1,48.858,91.675,2053,6.071,490143,593958,543877,519048,456030,593523,593428,571788,643217,605141,54.4287,0.17,0.16,0,1,0,0,3,29,3,0
CH,2017-04-13,86.2,2.1158,5.7634,Phil Gosselin,594838,593958,NA,swinging_strike,NA,NA,NA,NA,9,NA,R,R,L,BOS,PIT,S,NA,NA,0,1,2017,1.5528,0.87,0.3127,1.4361,NA,NA,501896,2,4,Top,NA,NA,NA,NA,543877,NA,170413_191733,-7.3772,-124.788,-5.6455,17.711,28.4276,-22.1515,3.36,1.55,NA,NA,NA,85.311,1992,6.293,490143,593958,543877,519048,456030,593523,593428,571788,643217,605141,54.2068,0,0,NA,NA,NA,NA,NA,29,2,NA
FF,2017-04-13,92.7,2.1953,5.5691,Phil Gosselin,594838,593958,NA,called_strike,NA,NA,NA,NA,2,NA,R,R,L,BOS,PIT,S,NA,NA,0,0,2017,0.5693,1.3538,0.2117,2.8268,NA,NA,501896,2,4,Top,NA,NA,NA,NA,543877,NA,170413_191712,-6.262,-134.4515,-4.0794,8.2309,29.4841,-15.1985,3.36,1.55,NA,NA,NA,92.178,2067,6.175,490143,593958,543877,519048,456030,593523,593428,571788,643217,605141,54.325,0,0,NA,NA,NA,NA,NA,29,1,NA
FF,2017-04-13,93.8,1.8078,5.5596,Phil Gosselin,594838,593958,field_out,hit_into_play,NA,NA,NA,NA,11,Phil Gosselin pops out to first baseman Mitch Moreland.,R,R,L,BOS,PIT,X,3,popup,2,2,2017,0.6226,1.0234,-1.2141,2.8482,NA,NA,NA,0,2,Top,157.04,159.7,NA,NA,543877,NA,170413_183858,-9.1853,-136.1268,-3.5351,9.7323,28.9344,-18.8371,3.36,1.55,124,48.4,39.437,93.919,2138,6.43,490143,593958,543877,519048,456030,593523,593428,571788,643217,605141,54.0703,0.062,0.058,0,1,0,0,1,12,6,0
FF,2017-04-13,93.8,2.0969,5.5307,Phil Gosselin,594838,593958,NA,ball,NA,NA,NA,NA,12,NA,R,R,L,BOS,PIT,B,NA,NA,1,2,2017,0.7372,1.4435,0.702,4.4394,NA,NA,NA,0,2,Top,NA,NA,NA,NA,543877,NA,170413_183839,-5.1349,-136.1997,-0.1968,10.1316,29.634,-14.72,3.36,1.55,NA,NA,NA,92.853,2142,5.815,490143,593958,543877,519048,456030,593523,593428,571788,643217,605141,54.6846,0,0,NA,NA,NA,NA,NA,12,5,NA
CH,2017-04-13,86.3,1.9831,5.8189,Phil Gosselin,594838,593958,NA,foul,NA,NA,NA,NA,14,NA,R,R,L,BOS,PIT,S,NA,NA,1,2,2017,1.4555,0.9923,0.8545,1.9428,NA,NA,NA,0,2,Top,NA,NA,NA,NA,543877,NA,170413_183817,-5.699,-125.4177,-5.0542,16.6856,25.1687,-20.7595,3.36,1.55,8,45.1,-12.4128,86.829,1956,6.673,490143,593958,543877,519048,456030,593523,593428,571788,643217,605141,53.8269,0,0,NA,NA,NA,NA,1,12,4,0
FF,2017-04-13,93.5,2.0793,5.5843,Phil Gosselin,594838,593958,NA,ball,NA,NA,NA,NA,12,NA,R,R,L,BOS,PIT,B,NA,NA,0,2,2017,0.659,1.4572,1.1619,4.042,NA,NA,NA,0,2,Top,NA,NA,NA,NA,543877,NA,170413_183801,-3.8243,-135.8631,-1.4423,9.0392,29.3789,-13.9076,3.36,1.55,NA,NA,NA,93.788,2198,6.499,490143,593958,543877,519048,456030,593523,593428,571788,643217,605141,54.0011,0,0,NA,NA,NA,NA,NA,12,3,NA
CH,2017-04-13,87.1,1.903,5.8247,Phil Gosselin,594838,593958,NA,swinging_strike,NA,NA,NA,NA,8,NA,R,R,L,BOS,PIT,S,NA,NA,0,1,2017,1.5147,1.0973,-0.2241,1.6987,NA,NA,NA,0,2,Top,NA,NA,NA,NA,543877,NA,170413_183746,-8.2893,-126.219,-5.9478,18.1453,27.9349,-19.2516,3.36,1.55,NA,NA,NA,87.176,1975,6.758,490143,593958,543877,519048,456030,593523,593428,571788,643217,605141,53.7424,0,0,NA,NA,NA,NA,NA,12,2,NA
FF,2017-04-13,92.8,2.2837,5.6542,Phil Gosselin,594838,593958,NA,called_strike,NA,NA,NA,NA,9,NA,R,R,L,BOS,PIT,S,NA,NA,0,0,2017,0.6291,1.3962,0.7298,1.8905,NA,NA,NA,0,2,Top,NA,NA,NA,NA,543877,NA,170413_183732,-5.2561,-134.524,-6.685,8.6841,30.7202,-14.2889,3.36,1.55,NA,NA,NA,91.571,2248,5.871,490143,593958,543877,519048,456030,593523,593428,571788,643217,605141,54.6288,0,0,NA,NA,NA,NA,NA,12,1,NA
CH,2017-04-12,81.6,1.8574,5.952,Phil Gosselin,594838,607237,field_out,hit_into_play,NA,NA,NA,NA,7,Phil Gosselin pops out to first baseman Joey Votto in foul territory.,R,R,L,PIT,CIN,X,3,popup,0,1,2017,0.6296,1.2303,-0.4316,1.7131,NA,NA,NA,0,6,Bot,160.54,186.27,NA,NA,571466,NA,170413_003523,-6.2709,-118.3407,-5.2221,6.9859,21.2961,-20.0108,3.39,1.59,125,73.7,67.624,81.012,1607,5.943,490219,607237,571466,458015,606299,553993,446359,594807,571740,594988,54.5584,0.001,0.001,0,1,0,0,3,44,2,0
FF,2017-04-12,89.6,1.8584,6.1455,Phil Gosselin,594838,607237,NA,called_strike,NA,NA,NA,NA,8,NA,R,R,L,PIT,CIN,S,NA,NA,0,0,2017,0.6396,1.4836,0.0795,1.8305,NA,NA,NA,0,6,Bot,NA,NA,NA,NA,571466,NA,170413_003511,-5.6827,-129.9275,-7.6917,8.3405,25.8798,-14.1362,3.39,1.59,NA,NA,NA,89.178,1912,6.105,490219,607237,571466,458015,606299,553993,446359,594807,571740,594988,54.3966,0,0,NA,NA,NA,NA,NA,44,1,NA
SL,2017-04-09,81.6,-2.1498,5.0778,Phil Gosselin,594838,527054,field_out,hit_into_play,NA,NA,NA,NA,11,Phil Gosselin flies out to center fielder Ender Inciarte.,R,R,R,PIT,ATL,X,8,fly_ball,0,1,2017,0.0459,0.5072,-1.1267,2.7559,NA,474568,NA,2,4,Bot,109.24,103.09,NA,NA,452095,NA,170409_185840,2.1961,-118.8336,0.3181,0.0561,20.2276,-27.6923,3.39,1.59,233,79.9,49.962,81.307,NA,5.8,490178,527054,452095,518692,408252,611177,621020,607054,542255,455976,54.7016,0.033,0.035,0,1,0,0,3,35,2,0
SL,2017-04-09,81,-2.1054,5.0116,Phil Gosselin,594838,527054,NA,called_strike,NA,NA,NA,NA,4,NA,R,R,R,PIT,ATL,S,NA,NA,0,0,2017,0.1241,0.3455,-0.6313,2.4888,NA,474568,NA,2,4,Bot,NA,NA,NA,NA,452095,NA,170409_185819,3.048,-117.9664,0.2427,0.6636,19.1964,-29.1794,3.39,1.59,NA,NA,NA,81.239,NA,6.086,490178,527054,452095,518692,408252,611177,621020,607054,542255,455976,54.4156,0,0,NA,NA,NA,NA,NA,35,1,NA
SL,2017-04-09,80,-1.7474,5.2015,Phil Gosselin,594838,527054,field_out,hit_into_play,NA,NA,NA,NA,6,"Phil Gosselin grounds out, third baseman Adonis Garcia to first baseman Freddie Freeman.",R,R,R,PIT,ATL,X,5,ground_ball,1,1,2017,0.4622,0.418,0.3286,2.1676,NA,NA,NA,0,3,Bot,106.19,159.41,NA,NA,452095,NA,170409_183124,3.703,-116.5607,-0.8146,3.5355,20.3345,-28.4669,3.39,1.59,4,89.9,-26.815,79.894,NA,5.987,490178,527054,452095,518692,408252,611177,621020,607054,542255,455976,54.5144,0.091,0.085,0,1,0,0,2,22,3,0
SL,2017-04-09,76.4,-1.7922,5.2735,Phil Gosselin,594838,527054,NA,called_strike,NA,NA,NA,NA,13,NA,R,R,R,PIT,ATL,S,NA,NA,1,0,2017,0.3875,0.022,-1.0106,2.4422,NA,NA,NA,0,3,Bot,NA,NA,NA,NA,452095,NA,170409_183110,0.9545,-111.2886,0.9633,3.0319,18.6936,-32.3739,3.39,1.59,NA,NA,NA,76.236,NA,5.972,490178,527054,452095,518692,408252,611177,621020,607054,542255,455976,54.5294,0,0,NA,NA,NA,NA,NA,22,2,NA
FF,2017-04-09,88.2,-1.6763,5.1618,Phil Gosselin,594838,527054,NA,ball,NA,NA,NA,NA,14,NA,R,R,R,PIT,ATL,B,NA,NA,0,0,2017,-0.5539,1.3915,1.3745,1.7771,NA,NA,NA,0,3,Bot,NA,NA,NA,NA,452095,NA,170409_183056,8.6072,-128.2021,-5.115,-7.779,23.51,-15.8399,3.39,1.59,NA,NA,NA,88.926,2320,6.551,490178,527054,452095,518692,408252,611177,621020,607054,542255,455976,53.9507,0,0,NA,NA,NA,NA,NA,22,1,NA
SL,2017-04-18,85.5,-2.4733,5.3721,Phil Gosselin,594838,493200,force_out,hit_into_play,NA,NA,NA,NA,14,"Phil Gosselin grounds into a force out, pitcher Seung Hwan Oh to catcher Yadier Molina.   Alen Hanson out at home.    Francisco Cervelli to 3rd.    Jordy Mercer to 2nd.    Phil Gosselin to 1st.",R,R,R,STL,PIT,X,1,ground_ball,0,1,2017,-0.0445,0.7919,0.6954,1.2256,593700,465041,474568,1,9,Top,127.65,183.82,NA,NA,425877,NA,170419_024420,7.4224,-124.0408,-4.9845,-1.7746,22.145,-23.5086,3.4008,1.7323,3,68.6,-22.169,84.513,2137,5.516,490306,493200,425877,500874,543939,594824,649557,545341,451594,572039,54.9319,0.044,0.041,0,1,0,0,2,66,2,0
SL,2017-04-18,84.9,-2.2777,5.3053,Phil Gosselin,594838,493200,NA,swinging_strike,NA,NA,NA,NA,14,NA,R,R,R,STL,PIT,S,NA,NA,0,0,2017,-0.1176,0.6176,1.2463,1.2731,593700,465041,474568,1,9,Top,NA,NA,NA,NA,425877,NA,170419_024359,8.3214,-123.1017,-4.2626,-2.6409,21.7435,-25.4998,3.3521,1.6348,NA,NA,NA,83.937,2187,5.518,490306,493200,425877,500874,543939,594824,649557,545341,451594,572039,54.8957,0,0,NA,NA,NA,NA,NA,66,1,NA
FF,2017-04-16,90,2.7944,5.4177,Phil Gosselin,594838,452657,caught_stealing_2b,called_strike,NA,NA,NA,NA,14,"With Phil Gosselin batting, Josh Harrison caught stealing 2nd base, catcher Willson Contreras to second baseman Javier Baez.",R,R,L,CHC,PIT,S,NA,NA,0,1,2017,0.8506,1.5994,1.1422,2.3445,NA,NA,543281,2,7,Top,NA,NA,NA,NA,575929,NA,170416_201408,-5.9221,-130.7046,-5.0519,11.0658,27.6095,-12.8572,3.2219,1.6148,NA,NA,NA,90.038,2258,6.543,490280,452657,575929,519203,595879,592178,608365,656941,518792,450314,54.0726,0,0,0,0,0,0,NA,48,2,NA
FF,2017-04-16,91.6,2.7586,5.403,Phil Gosselin,594838,452657,NA,called_strike,NA,NA,NA,NA,8,NA,R,R,L,CHC,PIT,S,NA,NA,0,0,2017,0.7311,1.2243,-0.0505,2.0725,NA,NA,543281,2,7,Top,NA,NA,NA,NA,575929,NA,170416_201347,-8.6558,-132.8943,-5.1558,10.5148,28.0577,-16.7465,3.4034,1.6557,NA,NA,NA,91.581,2263,6.396,490280,452657,575929,519203,595879,592178,608365,656941,518792,450314,54.0978,0,0,NA,NA,NA,NA,NA,48,1,NA
FF,2017-04-16,90.6,2.7476,5.6328,Phil Gosselin,594838,452657,field_out,hit_into_play,NA,NA,NA,NA,4,Phil Gosselin flies out to center fielder Jason Heyward.,R,R,L,CHC,PIT,X,8,fly_ball,0,0,2017,0.6573,1.688,-0.6539,2.4532,NA,NA,NA,0,5,Top,142.35,86.77,NA,NA,575929,NA,170416_194010,-9.8587,-131.2854,-5.5464,9.6636,27.3656,-11.6908,3.3953,1.6068,270,88.5,45.085,90.138,2226,6.342,490280,452657,575929,519203,595879,592178,608365,656941,518792,450314,54.2902,0.006,0.008,0,1,0,0,3,32,1,0
FF,2017-04-16,91.9,2.8156,5.607,Phil Gosselin,594838,452657,strikeout,swinging_strike,NA,NA,NA,NA,14,Phil Gosselin strikes out swinging.,R,R,L,CHC,PIT,S,NA,NA,0,2,2017,1.0817,1.8162,0.9334,1.7877,NA,NA,NA,2,2,Top,NA,NA,NA,NA,575929,NA,170416_185240,-7.0794,-133.1552,-7.6602,14.4179,29.7858,-9.1326,3.3872,1.6639,NA,NA,NA,91.571,2323,6.365,490280,452657,575929,519203,595879,592178,608365,656941,518792,450314,54.0898,0,0,0,1,0,0,NA,12,4,NA
FC,2017-04-16,86.8,2.8111,5.5454,Phil Gosselin,594838,452657,NA,foul,NA,NA,NA,NA,4,NA,R,R,L,CHC,PIT,S,NA,NA,0,2,2017,-0.1789,0.7045,-0.824,2.281,NA,NA,NA,2,2,Top,NA,NA,NA,NA,575929,NA,170416_185220,-8.289,-125.9346,-3.0311,-0.2967,24.3163,-24.3315,3.2649,1.4192,125,55.8,62.3495,86.392,2329,6.145,490280,452657,575929,519203,595879,592178,608365,656941,518792,450314,54.4169,0,0,NA,NA,NA,NA,1,12,3,0
FC,2017-04-16,86.8,2.7326,5.5444,Phil Gosselin,594838,452657,NA,called_strike,NA,NA,NA,NA,5,NA,R,R,L,CHC,PIT,S,NA,NA,0,1,2017,-0.2312,0.6098,-0.0141,2.4845,NA,NA,NA,2,2,Top,NA,NA,NA,NA,575929,NA,170416_185202,-6.0846,-126.2164,-2.411,-1.3443,23.3679,-25.4169,3.2975,1.5415,NA,NA,NA,86.884,2260,6.146,490280,452657,575929,519203,595879,592178,608365,656941,518792,450314,54.3264,0,0,NA,NA,NA,NA,NA,12,2,NA
FF,2017-04-16,92,2.7563,5.5817,Phil Gosselin,594838,452657,NA,called_strike,NA,NA,NA,NA,5,NA,R,R,L,CHC,PIT,S,NA,NA,0,0,2017,0.8107,1.5671,-0.0475,2.3856,NA,NA,NA,2,2,Top,NA,NA,NA,NA,575929,NA,170416_185147,-8.8883,-133.4352,-5.6832,11.605,27.0907,-12.2669,3.3709,1.5823,NA,NA,NA,92.269,2252,6.569,490280,452657,575929,519203,595879,592178,608365,656941,518792,450314,53.997,0,0,NA,NA,NA,NA,NA,12,1,NA
SL,2017-04-28,86.7,-2.518,6.0724,Phil Gosselin,594838,430661,strikeout,swinging_strike,NA,NA,NA,NA,14,Phil Gosselin strikes out swinging.,R,R,R,MIA,PIT,S,NA,NA,2,2,2017,0.7162,-0.006,0.2804,1.6067,NA,547912,593700,2,8,Top,NA,NA,NA,NA,454560,NA,170429_021010,5.2331,-126.0281,-4.4684,6.5862,25.3735,-31.55,3.4449,1.8049,NA,NA,NA,86.763,NA,6.359,490441,430661,454560,571506,518618,500743,588751,400085,592885,519317,54.1391,0,0,0,1,0,0,NA,76,6,NA
SL,2017-04-28,85.8,-2.7116,6.1709,Phil Gosselin,594838,430661,NA,foul,NA,NA,NA,NA,2,NA,R,R,R,MIA,PIT,S,NA,NA,2,2,2017,0.7561,0.2146,0.1564,3.2475,NA,547912,593700,2,8,Top,NA,NA,NA,NA,454560,NA,170429_020943,5.2673,-124.8083,-1.1257,6.9467,23.643,-29.9061,3.4791,1.6596,109,73.9,10.841,86.125,2262,6.378,490441,430661,454560,571506,518618,500743,588751,400085,592885,519317,54.1195,0,0,NA,NA,NA,NA,2,76,5,0
FF,2017-04-28,94.5,-2.4022,6.2302,Phil Gosselin,594838,430661,NA,foul,NA,NA,NA,NA,13,NA,R,R,R,MIA,PIT,S,NA,NA,2,1,2017,-0.9969,1.1521,-0.8645,2.1232,NA,547912,593700,2,8,Top,NA,NA,NA,NA,454560,NA,170429_020914,6.278,-137.1114,-7.5965,-14.1353,31.3196,-15.9622,3.5133,1.728,NA,NA,NA,94.836,2178,6.712,490441,430661,454560,571506,518618,500743,588751,400085,592885,519317,53.7863,0,0,NA,NA,NA,NA,NA,76,4,NA
SL,2017-04-28,89.1,-2.5109,6.2471,Phil Gosselin,594838,430661,NA,blocked_ball,NA,NA,NA,NA,14,NA,R,R,R,MIA,PIT,B,NA,NA,1,1,2017,0.4684,0.1539,1.37,0.4614,NA,547912,593700,2,8,Top,NA,NA,NA,NA,454560,NA,170429_020842,8.5135,-129.02,-8.3786,3.3227,28.4374,-28.8494,3.4364,1.7963,NA,NA,NA,88.477,2426,6.298,490441,430661,454560,571506,518618,500743,588751,400085,592885,519317,54.1999,0,0,NA,NA,NA,NA,NA,76,3,NA
SL,2017-04-28,88,-2.4503,6.2152,Phil Gosselin,594838,430661,NA,swinging_strike_blocked,NA,NA,NA,NA,14,NA,R,R,R,MIA,PIT,S,NA,NA,1,0,2017,0.5786,0.4662,0.6097,0.651,NA,547912,593700,2,8,Top,NA,NA,NA,NA,454560,NA,170429_020818,6.2106,-127.678,-8.2868,4.9977,26.7802,-25.5826,3.4114,1.7713,NA,NA,NA,87.644,2539,6.261,490441,430661,454560,571506,518618,500743,588751,400085,592885,519317,54.2367,0,0,NA,NA,NA,NA,NA,76,2,NA
FF,2017-04-28,93.2,-2.5209,5.906,Phil Gosselin,594838,430661,NA,ball,NA,NA,NA,NA,12,NA,R,R,R,MIA,PIT,B,NA,NA,0,0,2017,-0.3436,1.387,0.5066,3.4898,NA,547912,593700,2,8,Top,NA,NA,NA,NA,454560,NA,170429_020756,8.5687,-135.2979,-3.502,-6.1172,29.2896,-14.4074,3.1218,1.292,NA,NA,NA,93.588,2358,6.621,490441,430661,454560,571506,518618,500743,588751,400085,592885,519317,53.8772,0,0,NA,NA,NA,NA,NA,76,1,NA
FF,2017-04-26,93.3,2.7003,5.5417,Phil Gosselin,594838,452657,strikeout,swinging_strike,NA,NA,NA,NA,14,Phil Gosselin strikes out swinging.,R,R,L,PIT,CHC,S,NA,NA,1,2,2017,0.2503,1.6585,0.9046,2.3588,NA,NA,NA,2,3,Bot,NA,NA,NA,NA,575929,NA,170427_002721,-5.1558,-135.443,-6.0417,4.1728,28.5339,-10.6562,3.786,1.5651,NA,NA,NA,93.293,2206,6.33,490406,452657,575929,519203,595879,592178,608365,656941,445055,518792,54.1713,0,0,0,1,0,0,NA,34,4,NA
FF,2017-04-26,92.4,2.6925,5.551,Phil Gosselin,594838,452657,NA,called_strike,NA,NA,NA,NA,6,NA,R,R,L,PIT,CHC,S,NA,NA,1,1,2017,0.3479,1.5508,0.7529,2.4907,NA,NA,NA,2,3,Bot,NA,NA,NA,NA,575929,NA,170427_002705,-5.6758,-134.187,-5.3423,5.3471,26.7726,-12.5196,3.6558,1.8164,NA,NA,NA,92.484,2317,6.269,490406,452657,575929,519203,595879,592178,608365,656941,445055,518792,54.2322,0,0,NA,NA,NA,NA,NA,34,3,NA
FC,2017-04-26,87,2.7758,5.4704,Phil Gosselin,594838,452657,NA,called_strike,NA,NA,NA,NA,12,NA,R,R,L,PIT,CHC,S,NA,NA,1,0,2017,-0.6395,0.802,0.843,3.1503,NA,NA,NA,2,3,Bot,NA,NA,NA,NA,575929,NA,170427_002637,-3.3314,-126.6047,-1.0872,-6.2635,22.1501,-23.6006,3.7209,1.8722,NA,NA,NA,86.931,2302,5.92,490406,452657,575929,519203,595879,592178,608365,656941,445055,518792,54.5817,0,0,NA,NA,NA,NA,NA,34,2,NA
FF,2017-04-26,91.9,2.7071,5.576,Phil Gosselin,594838,452657,NA,ball,NA,NA,NA,NA,14,NA,R,R,L,PIT,CHC,B,NA,NA,0,0,2017,0.2788,1.4108,1.3319,2.6177,NA,NA,NA,2,3,Bot,NA,NA,NA,NA,575929,NA,170427_002616,-4.0653,-133.4808,-4.6452,4.1868,28.5551,-14.6175,3.7023,1.8722,NA,NA,NA,91.614,2169,6.198,490406,452657,575929,519203,595879,592178,608365,656941,445055,518792,54.3031,0,0,NA,NA,NA,NA,NA,34,1,NA
FC,2017-04-26,87.9,2.7242,5.4844,Phil Gosselin,594838,452657,double,hit_into_play_score,NA,NA,NA,NA,13,Phil Gosselin doubles (1) on a ground ball to left fielder Kyle Schwarber.   Josh Bell scores.,R,R,L,PIT,CHC,X,NA,ground_ball,0,1,2017,-0.7683,0.7063,-1.3831,2.0895,NA,NA,605137,0,2,Bot,74.87,112.75,NA,NA,575929,NA,170426_235758,-8.3428,-127.7275,-3.6168,-6.9691,22.3271,-23.9873,3.842,1.5891,71,98.4,2.684,88.008,2371,6.095,490406,452657,575929,519203,595879,592178,608365,656941,445055,518792,54.406,0.527,0.493,1.25,1,1,1,4,21,2,0
FF,2017-04-26,91.3,2.7135,5.3823,Phil Gosselin,594838,452657,NA,called_strike,NA,NA,NA,NA,5,NA,R,R,L,PIT,CHC,S,NA,NA,0,0,2017,0.226,0.9497,-0.1632,2.694,NA,NA,605137,0,2,Bot,NA,NA,NA,NA,575929,NA,170426_235737,-7.719,-132.644,-2.966,4.1518,25.1098,-20.4932,3.656,1.8497,NA,NA,NA,91.701,2289,6.356,490406,452657,575929,519203,595879,592178,608365,656941,445055,518792,54.145,0,0,NA,NA,NA,NA,NA,21,1,NA
FF,2017-04-24,94.9,-1.4302,6.1986,Phil Gosselin,594838,518748,field_out,hit_into_play,NA,NA,NA,NA,1,Phil Gosselin lines out to third baseman Kris Bryant.,R,R,R,PIT,CHC,X,5,line_drive,0,0,2017,-0.6363,1.5843,-0.625,3.3003,NA,NA,444379,2,7,Bot,100.91,166.59,NA,NA,471083,NA,170425_015908,3.5881,-138.1874,-5.6596,-9.0708,26.4728,-10.3771,3.39,1.59,157,98.7,8.587,96.502,2288,6.853,490381,518748,471083,519203,595879,592178,608365,445055,546991,519333,53.6485,0.772,0.737,0,1,0,0,4,77,1,0
SL,2017-04-24,80.9,1.2202,6.1753,Phil Gosselin,594838,474463,field_error,hit_into_play_no_out,NA,NA,NA,NA,2,Phil Gosselin reaches on a fielding error by first baseman Anthony Rizzo.,R,R,L,PIT,CHC,X,3,ground_ball,1,2,2017,-0.6187,-0.5496,0.1134,2.8506,NA,NA,NA,1,6,Bot,129.54,198.84,NA,NA,471083,NA,170425_012437,-1.3103,-117.7841,0.157,-5.4505,20.2903,-37.4658,3.39,1.59,16,96.4,-9.256,80.447,2227,5.74,490381,474463,471083,519203,595879,592178,608365,519333,546991,450314,54.7618,0.248,0.231,0,1,0,0,2,62,4,0
CH,2017-04-24,82.6,1.2252,6.4819,Phil Gosselin,594838,474463,NA,foul,NA,NA,NA,NA,13,NA,R,R,L,PIT,CHC,S,NA,NA,1,1,2017,1.11,1.1162,-0.133,1.3004,NA,NA,NA,1,6,Bot,NA,NA,NA,NA,471083,NA,170425_012419,-5.1465,-119.8468,-7.3932,11.4913,20.1889,-20.4534,3.39,1.59,NA,NA,NA,82.19,1525,5.886,490381,474463,471083,519203,595879,592178,608365,519333,546991,450314,54.6157,0,0,NA,NA,NA,NA,NA,62,3,NA
CH,2017-04-24,82.3,1.2898,6.4269,Phil Gosselin,594838,474463,NA,ball,NA,NA,NA,NA,13,NA,R,R,L,PIT,CHC,B,NA,NA,0,1,2017,1.2572,0.8066,-0.2349,1.0864,NA,NA,NA,1,6,Bot,NA,NA,NA,NA,471083,NA,170425_012407,-5.7752,-119.263,-7,12.9254,22.9719,-23.4839,3.39,1.59,NA,NA,NA,81.399,1545,5.907,490381,474463,471083,519203,595879,592178,608365,519333,546991,450314,54.5948,0,0,NA,NA,NA,NA,NA,62,2,NA
FF,2017-04-24,89.4,1.1787,6.3354,Phil Gosselin,594838,474463,NA,called_strike,NA,NA,NA,NA,3,NA,R,R,L,PIT,CHC,S,NA,NA,0,0,2017,0.5943,1.5003,0.6126,2.9677,NA,NA,NA,1,6,Bot,NA,NA,NA,NA,471083,NA,170425_012356,-2.5775,-129.7244,-5.2672,7.1138,27.6326,-14.7285,3.39,1.59,NA,NA,NA,88.241,1995,5.754,490381,474463,471083,519203,595879,592178,608365,519333,546991,450314,54.7477,0,0,NA,NA,NA,NA,NA,62,1,NA
FT,2017-04-23,89.2,0.2988,6.8883,Phil Gosselin,594838,656756,single,hit_into_play_no_out,NA,NA,NA,NA,4,Phil Gosselin singles on a ground ball to left fielder Brett Gardner.,R,R,L,PIT,NYY,X,NA,ground_ball,1,0,2017,0.7115,1.1904,-0.751,2.3061,NA,NA,NA,0,4,Bot,74.87,112.75,NA,NA,543309,NA,170423_183749,-4.0329,-129.3455,-7.6182,8.7814,27.9238,-17.5263,3.39,1.59,9,92.7,-13.14,88.55,2213,6.151,490375,656756,543309,595885,516770,452104,591720,458731,453056,592450,54.3504,0.176,0.165,0.9,1,1,0,2,30,2,0
FT,2017-04-23,89,0.3137,6.9169,Phil Gosselin,594838,656756,NA,ball,NA,NA,NA,NA,3,NA,R,R,L,PIT,NYY,B,NA,NA,0,0,2017,1.1515,1.4688,0.3448,3.4835,NA,NA,NA,0,4,Bot,NA,NA,NA,NA,543309,NA,170423_183734,-2.2881,-129.0337,-5.2939,13.1834,29.806,-15.0598,3.39,1.59,NA,NA,NA,88.013,2140,6.116,490375,656756,543309,595885,516770,452104,591720,458731,453056,592450,54.3854,0,0,NA,NA,NA,NA,NA,30,1,NA
FF,2017-04-23,91.6,0.4493,6.9599,Phil Gosselin,594838,656756,field_out,hit_into_play,NA,NA,NA,NA,4,Phil Gosselin pops out to second baseman Starlin Castro.,R,R,L,PIT,NYY,X,4,popup,0,1,2017,0.5551,1.4669,-0.3802,2.3016,NA,NA,NA,0,2,Bot,147.75,135.46,NA,NA,543309,NA,170423_180316,-3.2402,-132.9815,-8.9495,7.1763,26.4098,-13.3496,3.39,1.59,164,88.8,65.992,91.127,2252,5.962,490375,656756,543309,595885,516770,452104,591720,458731,453056,592450,54.5395,0.006,0.006,0,1,0,0,3,13,2,0
FF,2017-04-23,91,0.4642,6.9421,Phil Gosselin,594838,656756,NA,called_strike,NA,NA,NA,NA,14,NA,R,R,L,PIT,NYY,S,NA,NA,0,0,2017,0.3287,1.7552,0.8934,2.0066,NA,NA,NA,0,2,Bot,NA,NA,NA,NA,543309,NA,170423_180302,0.3797,-131.9554,-10.1276,3.754,26.2839,-9.92,3.39,1.59,NA,NA,NA,90.672,2282,6.134,490375,656756,543309,595885,516770,452104,591720,458731,453056,592450,54.3671,0,0,NA,NA,NA,NA,NA,13,1,NA
SI,2017-05-05,94.3,-2.7139,5.6598,Phil Gosselin,594838,453172,single,hit_into_play_no_out,NA,NA,NA,NA,4,Phil Gosselin singles on a ground ball to center fielder Keon Broxton.   Jordy Mercer to 2nd.,R,R,R,PIT,MIL,X,NA,ground_ball,1,1,2017,-1.6911,0.4418,-0.5826,2.2001,NA,NA,474568,2,6,Bot,117.51,104.45,NA,NA,444489,NA,170506_033511,9.1215,-136.7461,-4.2031,-22.9058,29.3441,-26.0288,3.39,1.59,34,104.1,-1.879,93.473,2229,5.929,490537,453172,444489,519346,542340,541650,606115,545338,542979,570267,54.5719,0.449,0.417,0.9,1,1,0,4,49,3,0
SI,2017-05-05,93.4,-2.7684,5.5604,Phil Gosselin,594838,453172,NA,ball,NA,NA,NA,NA,13,NA,R,R,R,PIT,MIL,B,NA,NA,0,1,2017,-1.8385,0.101,-0.5557,1.2171,NA,NA,474568,2,6,Bot,NA,NA,NA,NA,444489,NA,170506_033453,9.5841,-135.4312,-5.6115,-24.417,27.3357,-30.0204,3.39,1.59,NA,NA,NA,92.893,2236,6.013,490537,453172,444489,519346,542340,541650,606115,545338,542979,570267,54.4879,0,0,NA,NA,NA,NA,NA,49,2,NA
SI,2017-05-05,93.5,-2.78,5.789,Phil Gosselin,594838,453172,NA,called_strike,NA,NA,NA,NA,4,NA,R,R,R,PIT,MIL,S,NA,NA,0,0,2017,-1.9487,0.4823,-0.6478,2.1612,NA,NA,474568,2,6,Bot,NA,NA,NA,NA,444489,NA,170506_033433,9.5867,-135.6457,-4.6105,-25.7524,27.7138,-25.5652,3.39,1.59,NA,NA,NA,92.813,2242,5.898,490537,453172,444489,519346,542340,541650,606115,545338,542979,570267,54.6032,0,0,NA,NA,NA,NA,NA,49,1,NA
FF,2017-05-04,95.3,-1.461,6.1386,Phil Gosselin,594838,547179,field_out,hit_into_play,NA,NA,NA,NA,11,"Phil Gosselin grounds out, shortstop Jose Peraza to first baseman Joey Votto.",R,R,R,CIN,PIT,X,6,ground_ball,1,1,2017,-1.231,1.6681,-0.8905,2.7622,NA,NA,NA,1,7,Top,112.06,149.9,NA,NA,571466,NA,170504_192701,4.1808,-138.1187,-6.7772,-16.4961,33.4883,-9.8014,3.36,1.55,98,73.8,7.845,94.154,2129,6.034,490527,547179,571466,458015,571697,553993,606299,594807,571740,594988,54.4647,0.31,0.287,0,1,0,0,2,53,3,0
FF,2017-05-04,96.4,-1.4539,6.0985,Phil Gosselin,594838,547179,NA,called_strike,NA,NA,NA,NA,2,NA,R,R,R,CIN,PIT,S,NA,NA,1,0,2017,-1.2363,1.5939,-0.1685,2.864,NA,NA,NA,1,7,Top,NA,NA,NA,NA,571466,NA,170504_192640,6.0643,-139.614,-6.3926,-17.2441,33.2031,-10.5367,3.36,1.55,NA,NA,NA,94.911,2244,5.804,490527,547179,571466,458015,571697,553993,606299,594807,571740,594988,54.6945,0,0,NA,NA,NA,NA,NA,53,2,NA
FC,2017-05-04,93.9,-1.4262,5.9958,Phil Gosselin,594838,547179,NA,ball,NA,NA,NA,NA,14,NA,R,R,R,CIN,PIT,B,NA,NA,0,0,2017,-0.0437,1.216,1.2373,2.1169,NA,NA,NA,1,7,Top,NA,NA,NA,NA,571466,NA,170504_192626,6.8862,-136.0334,-6.8028,-2.0348,29.6858,-16.1386,3.36,1.55,NA,NA,NA,92.615,2522,5.749,490527,547179,571466,458015,571697,553993,606299,594807,571740,594988,54.7498,0,0,NA,NA,NA,NA,NA,53,1,NA
SL,2017-05-03,82.3,-1.6337,5.6288,Phil Gosselin,594838,519322,field_out,hit_into_play,NA,NA,NA,NA,9,"Phil Gosselin grounds out, pitcher Drew Storen to first baseman Joey Votto.",R,R,R,CIN,PIT,X,1,ground_ball,0,2,2017,0.4453,-0.0777,0.5296,1.5478,NA,NA,NA,2,8,Top,126.6,177.17,NA,NA,519023,NA,170504_014419,4.0047,-119.4904,-2.5094,3.3258,23.911,-32.6617,3.2137,1.496,20,70.4,-2.736,80.8,2562,5.47,490512,519322,519023,458015,606299,553993,446359,594807,571740,594988,55.0289,0.081,0.075,0,1,0,0,2,69,3,0
SL,2017-05-03,81,-2.2446,5.0666,Phil Gosselin,594838,519322,NA,swinging_strike,NA,NA,NA,NA,14,NA,R,R,R,CIN,PIT,S,NA,NA,0,1,2017,0.989,0.377,0.9062,2.0826,NA,NA,NA,2,8,Top,NA,NA,NA,NA,519023,NA,170504_014404,5.1306,-117.5768,-0.6863,7.9189,22.9722,-28.8996,3.2927,1.5862,NA,NA,NA,79.725,2422,5.604,490512,519322,519023,458015,606299,553993,446359,594807,571740,594988,54.8952,0,0,NA,NA,NA,NA,NA,69,2,NA
SI,2017-05-03,90.3,-2.3363,5.0257,Phil Gosselin,594838,519322,NA,called_strike,NA,NA,NA,NA,2,NA,R,R,R,CIN,PIT,S,NA,NA,0,0,2017,-1.7327,0.5426,0.162,3.3154,NA,NA,NA,2,8,Top,NA,NA,NA,NA,519023,NA,170504_014345,9.7668,-130.8682,0.5643,-21.7702,26.6164,-26.3132,3.5805,1.7199,NA,NA,NA,89.755,2037,6.091,490512,519322,519023,458015,606299,553993,446359,594807,571740,594988,54.4081,0,0,NA,NA,NA,NA,NA,69,1,NA
SL,2017-05-01,79,1.7985,5.723,Phil Gosselin,594838,607237,strikeout,called_strike,NA,NA,NA,NA,1,Phil Gosselin called out on strikes.,R,R,L,CIN,PIT,S,NA,NA,2,2,2017,-0.3709,0.6305,-0.3967,2.9745,NA,NA,NA,2,7,Top,NA,NA,NA,NA,571466,NA,170502_011352,-4.0666,-114.6274,-0.246,-2.3716,23.3944,-26.9398,3.36,1.55,NA,NA,NA,77.992,1537,5.96,490481,607237,571466,458015,606299,571697,446359,594807,571740,594988,54.5384,0,0,0,1,0,0,NA,50,5,NA
CH,2017-05-01,80,1.9116,5.9357,Phil Gosselin,594838,607237,NA,ball,NA,NA,NA,NA,12,NA,R,R,L,CIN,PIT,B,NA,NA,1,2,2017,0.6494,1.4711,1.5237,2.9578,NA,NA,NA,2,7,Top,NA,NA,NA,NA,571466,NA,170502_011336,-2.0868,-116.4436,-2.7089,6.337,19.7974,-18.3482,3.36,1.55,NA,NA,NA,80.661,1639,6.506,490481,607237,571466,458015,606299,571697,446359,594807,571740,594988,53.9931,0,0,NA,NA,NA,NA,NA,50,4,NA
CH,2017-05-01,78.7,1.9351,5.8816,Phil Gosselin,594838,607237,NA,swinging_strike,NA,NA,NA,NA,14,NA,R,R,L,CIN,PIT,S,NA,NA,1,1,2017,0.6577,1.2222,1.4898,2.0756,NA,NA,605137,1,7,Top,NA,NA,NA,NA,571466,NA,170502_011309,-2.1812,-114.5078,-3.778,6.1967,18.5688,-20.8894,3.36,1.55,NA,NA,NA,79.213,1206,6.373,490481,607237,571466,458015,606299,571697,446359,594807,571740,594988,54.1262,0,0,NA,NA,NA,NA,NA,50,3,NA
FF,2017-05-01,89.6,2.4936,5.2835,Phil Gosselin,594838,607237,NA,called_strike,NA,NA,NA,NA,5,NA,R,R,L,CIN,PIT,S,NA,NA,1,0,2017,0.9888,0.9643,-0.08,2.4261,NA,NA,605137,1,7,Top,NA,NA,NA,NA,571466,NA,170502_011216,-8.4033,-130.1909,-3.1445,12.8391,23.4103,-20.7491,3.36,1.55,NA,NA,NA,89.95,1791,6.258,490481,607237,571466,458015,606299,571697,446359,594807,571740,594988,54.2408,0,0,NA,NA,NA,NA,NA,50,2,NA
FT,2017-05-01,89.2,2.3736,5.2149,Phil Gosselin,594838,607237,NA,ball,NA,NA,NA,NA,13,NA,R,R,L,CIN,PIT,B,NA,NA,0,0,2017,1.4247,0.2196,-0.8964,2.1396,NA,NA,605137,1,7,Top,NA,NA,NA,NA,571466,NA,170502_011156,-11.1439,-129.528,-2.0634,18.4844,24.0777,-29.4316,3.36,1.55,NA,NA,NA,90.224,1837,6.779,490481,607237,571466,458015,606299,571697,446359,594807,571740,594988,53.7197,0,0,NA,NA,NA,NA,NA,50,1,NA
FF,2017-05-01,94.1,1.7558,6.1257,Phil Gosselin,594838,607237,field_out,hit_into_play,NA,NA,NA,NA,4,Phil Gosselin flies out to center fielder Billy Hamilton.,R,R,L,CIN,PIT,X,8,fly_ball,0,2,2017,1.1518,1.4786,-0.7316,2.5322,NA,NA,NA,1,5,Top,137.1,80.06,NA,NA,571466,NA,170502_003027,-8.9504,-136.3763,-6.812,16.2956,29.4761,-12.4786,3.36,1.55,284,86.8,48.861,93.801,1883,6.292,490481,607237,571466,458015,606299,571697,446359,594807,571740,594988,54.2073,0.006,0.006,0,1,0,0,3,32,3,0
CH,2017-05-01,81.3,1.9896,6.0618,Phil Gosselin,594838,607237,NA,foul,NA,NA,NA,NA,9,NA,R,R,L,CIN,PIT,S,NA,NA,0,1,2017,0.7888,1.5652,0.6936,1.6657,NA,NA,NA,1,5,Top,NA,NA,NA,NA,571466,NA,170502_003005,-4.4249,-118.1092,-6.3397,8.2243,19.0514,-16.4228,3.36,1.55,NA,NA,NA,82.019,1350,6.515,490481,607237,571466,458015,606299,571697,446359,594807,571740,594988,53.9839,0,0,NA,NA,NA,NA,NA,32,2,NA
FF,2017-05-01,91.7,2.2075,5.7628,Phil Gosselin,594838,607237,NA,foul,NA,NA,NA,NA,6,NA,R,R,L,CIN,PIT,S,NA,NA,0,0,2017,1.2183,1.0641,0.5349,2.1627,NA,NA,NA,1,5,Top,NA,NA,NA,NA,571466,NA,170502_002950,-6.841,-133.1244,-5.5523,15.9338,26.2371,-18.5356,3.36,1.55,NA,NA,NA,91.942,1869,6.374,490481,607237,571466,458015,606299,571697,446359,594807,571740,594988,54.125,0,0,NA,NA,NA,NA,NA,32,1,NA
FF,2017-05-01,90.6,2.3574,5.7524,Phil Gosselin,594838,607237,walk,ball,NA,NA,NA,NA,12,Phil Gosselin walks.,R,R,L,CIN,PIT,B,NA,NA,3,0,2017,0.6968,1.088,1.1761,2.4614,NA,NA,NA,2,2,Top,NA,NA,NA,NA,571466,NA,170501_233619,-4.4441,-131.9115,-4.7509,9.0293,22.0083,-18.6058,3.36,1.55,NA,NA,NA,91.682,1550,6.427,490481,607237,571466,458015,606299,571697,446359,594807,571740,594988,54.0719,0,0,0.7,1,0,0,NA,11,4,NA
FF,2017-05-01,90.9,2.2408,5.7117000000000004,Phil Gosselin,594838,607237,NA,ball,NA,NA,NA,NA,12,NA,R,R,L,CIN,PIT,B,NA,NA,2,0,2017,0.9473,1.2197,1.8415,2.5299,NA,NA,NA,2,2,Top,NA,NA,NA,NA,571466,NA,170501_233606,-2.9797,-132.2297,-4.7192,11.6766,23.0196,-17.1725,3.36,1.55,NA,NA,NA,91.208,1748,6.081,490481,607237,571466,458015,606299,571697,446359,594807,571740,594988,54.4183,0,0,NA,NA,NA,NA,NA,11,3,NA
FF,2017-05-01,91.9,2.2409,5.9142,Phil Gosselin,594838,607237,NA,ball,NA,NA,NA,NA,13,NA,R,R,L,CIN,PIT,B,NA,NA,1,0,2017,0.6821,1.4579,-0.0592,0.3205,NA,NA,NA,2,2,Top,NA,NA,NA,NA,571466,NA,170501_233548,-7.2609,-133.1403,-11.4574,9.4959,23.7675,-12.7843,3.36,1.55,NA,NA,NA,92.149,1680,6.301,490481,607237,571466,458015,606299,571697,446359,594807,571740,594988,54.1977,0,0,NA,NA,NA,NA,NA,11,2,NA
FF,2017-05-01,92.1,2.2095,6.04,Phil Gosselin,594838,607237,NA,ball,NA,NA,NA,NA,14,NA,R,R,L,CIN,PIT,B,NA,NA,0,0,2017,0.56,1.3551,1.5463,2.0944,NA,NA,NA,2,2,Top,NA,NA,NA,NA,571466,NA,170501_233537,-2.8624,-133.8245,-7.1104,7.2676,24.8008,-14.7497,3.36,1.55,NA,NA,NA,92.162,1714,6.085,490481,607237,571466,458015,606299,571697,446359,594807,571740,594988,54.414,0,0,NA,NA,NA,NA,NA,11,1,NA
FC,2017-04-30,91.7,-2.8459,5.9344,Phil Gosselin,594838,475479,grounded_into_double_play,hit_into_play,NA,NA,NA,NA,3,"Phil Gosselin grounds into a double play, shortstop Miguel Rojas to second baseman Dee Gordon to first baseman Justin Bour.   Chris Stewart out at 2nd.",R,R,R,MIA,PIT,X,6,ground_ball,2,1,2017,0.23,1.404,0.5962,2.8141,NA,NA,455755,1,6,Top,114.21,156.49,NA,NA,454560,NA,170430_193652,8.0772,-132.8958,-4.8295,0.8649,29.333,-15.2054,3.36,1.55,18,79.7,-8.416,90.069,2563,5.575,490471,475479,454560,571506,543829,445988,500743,542303,592885,519317,54.9232,0.103,0.098,0,1,0,0,2,52,4,0
KC,2017-04-30,82.2,-2.8076,5.8593,Phil Gosselin,594838,475479,NA,ball,NA,NA,NA,NA,12,NA,R,R,R,MIA,PIT,B,NA,NA,1,1,2017,0.835,-0.3947,1.1641,2.6094,NA,NA,455755,1,6,Top,NA,NA,NA,NA,454560,NA,170430_193623,7.2711,-119.0476,-0.0416,6.1442,23.8308,-36.0452,3.36,1.55,NA,NA,NA,80.049,2637,5.161,490471,475479,454560,571506,543829,445988,500743,542303,592885,519317,55.337,0,0,NA,NA,NA,NA,NA,52,3,NA
KC,2017-04-30,82.6,-2.8701,5.8587,Phil Gosselin,594838,475479,NA,called_strike,NA,NA,NA,NA,6,NA,R,R,R,MIA,PIT,S,NA,NA,1,0,2017,0.6668,-0.9916,0.5213,2.1492,NA,NA,455755,1,6,Top,NA,NA,NA,NA,454560,NA,170430_193557,6.3194,-119.7261,-0.0494,4.8017,24.6941,-41.5434,3.36,1.55,NA,NA,NA,80.275,2583,5.059,490471,475479,454560,571506,543829,445988,500743,542303,592885,519317,55.4393,0,0,NA,NA,NA,NA,NA,52,2,NA
FF,2017-04-30,94.6,-2.7809,5.7528,Phil Gosselin,594838,475479,NA,ball,NA,NA,NA,NA,14,NA,R,R,R,MIA,PIT,B,NA,NA,0,0,2017,-0.678,1.5502,0.8602,1.8171,NA,NA,455755,1,6,Top,NA,NA,NA,NA,454560,NA,170430_193506,10.7594,-136.6824,-7.6856,-10.8238,32.6065,-11.7294,3.36,1.55,NA,NA,NA,92.626,2466,5.686,490471,475479,454560,571506,543829,445988,500743,542303,592885,519317,54.8121,0,0,NA,NA,NA,NA,NA,52,1,NA
FF,2017-05-07,94.9,-2.1596,5.8958,Phil Gosselin,594838,606930,field_out,hit_into_play,NA,NA,NA,NA,4,"Phil Gosselin grounds out, second baseman Jonathan Villar to first baseman Jesus Aguilar.",R,R,R,PIT,MIL,X,4,ground_ball,1,0,2017,-0.3783,1.395,-0.6794,2.1842,NA,NA,NA,2,6,Bot,152.66,155.96,NA,NA,542908,NA,170507_193216,4.7518,-138.0362,-7.2906,-5.8655,27.2684,-12.7439,3.39,1.59,28,68.5,-1.078,95.918,2149,6.643,490567,606930,542908,542583,542340,543768,606115,541650,542979,519346,53.8586,0.101,0.093,0,1,0,0,2,49,2,0
FF,2017-05-07,95,-2.1609,5.6636,Phil Gosselin,594838,606930,NA,ball,NA,NA,NA,NA,14,NA,R,R,R,PIT,MIL,B,NA,NA,0,0,2017,0.0262,1.386,1.4645,1.5422,NA,NA,NA,2,6,Bot,NA,NA,NA,NA,542908,NA,170507_193201,9.5569,-137.8523,-8.438,-1.6007,28.0611,-12.3468,3.39,1.59,NA,NA,NA,96.526,2136,7.119,490567,606930,542908,542583,542340,543768,606115,541650,542979,519346,53.3821,0,0,NA,NA,NA,NA,NA,49,1,NA
CH,2017-05-07,79.3,-2.281,5.546,Phil Gosselin,594838,605200,strikeout,swinging_strike,NA,NA,NA,NA,7,Phil Gosselin strikes out swinging.,R,R,R,PIT,MIL,S,NA,NA,2,2,2017,-1.4102,1.0313,-0.3059,1.7894,NA,474568,570256,2,4,Bot,NA,NA,NA,NA,542908,NA,170507_185456,6.8859,-115.0386,-3.3117,-13.7178,20.8517,-22.6721,3.39,1.59,NA,NA,NA,78.988,1807,6.185,490567,605200,542908,519346,542340,543768,606115,541650,542979,570267,54.3162,0,0,0,1,0,0,NA,32,5,NA
FT,2017-05-07,90.1,-2.3145,5.3339,Phil Gosselin,594838,605200,NA,foul,NA,NA,NA,NA,9,NA,R,R,R,PIT,MIL,S,NA,NA,2,1,2017,-1.4382,0.752,0.3213,1.8324,NA,474568,570256,2,4,Bot,NA,NA,NA,NA,542908,NA,170507_185051,9.528,-130.7321,-4.3232,-18.3589,25.0913,-22.9018,3.39,1.59,NA,NA,NA,90.076,2075,6.23,490567,605200,542908,519346,542340,543768,606115,541650,542979,570267,54.2711,0,0,NA,NA,NA,NA,NA,32,4,NA
FT,2017-05-07,89.7,-2.2283,5.4179,Phil Gosselin,594838,605200,NA,ball,NA,NA,NA,NA,9,NA,R,R,R,PIT,MIL,B,NA,NA,1,1,2017,-1.4813,1.0913,0.3893,1.6213,NA,474568,570256,2,4,Bot,NA,NA,NA,NA,542908,NA,170507_185020,9.5082,-129.9644,-5.6228,-18.6731,26.4464,-18.9138,3.39,1.59,NA,NA,NA,89.293,2068,6.206,490567,605200,542908,519346,542340,543768,606115,541650,542979,570267,54.2952,0,0,NA,NA,NA,NA,NA,32,3,NA
FC,2017-05-07,85.2,-2.4963,5.4248,Phil Gosselin,594838,605200,NA,ball,NA,NA,NA,NA,14,NA,R,R,R,PIT,MIL,B,NA,NA,0,1,2017,-0.2308,0.9608,1.1195,1.5634,NA,474568,570256,2,4,Bot,NA,NA,NA,NA,542908,NA,170507_184950,8.8538,-123.5303,-4.6436,-3.9039,21.678,-21.7827,3.39,1.59,NA,NA,NA,84.778,2245,5.945,490567,605200,542908,519346,542340,543768,606115,541650,542979,570267,54.5567,0,0,NA,NA,NA,NA,NA,32,2,NA
FT,2017-05-07,89.6,-2.3738,5.3564,Phil Gosselin,594838,605200,NA,called_strike,NA,NA,NA,NA,8,NA,R,R,R,PIT,MIL,S,NA,NA,0,0,2017,-1.6738,0.7837,0.1683,1.5228,NA,474568,570256,2,4,Bot,NA,NA,NA,NA,542908,NA,170507_184928,9.7724,-130.0962,-5.1757,-20.9471,23.1929,-22.4426,3.39,1.59,NA,NA,NA,90.024,2003,6.334,490567,605200,542908,519346,542340,543768,606115,541650,542979,570267,54.1678,0,0,NA,NA,NA,NA,NA,32,1,NA
FT,2017-05-07,88.1,-2.4309,5.6556,Phil Gosselin,594838,605200,field_out,hit_into_play,NA,NA,NA,NA,9,"Phil Gosselin grounds out, second baseman Jonathan Villar to first baseman Eric Thames.",R,R,R,PIT,MIL,X,4,ground_ball,3,1,2017,-1.2101,1.405,0.6585,1.4914,NA,NA,NA,2,2,Bot,150.24,152.33,NA,NA,542908,NA,170507_180234,9.8401,-127.467,-6.7506,-14.9961,25.3883,-15.9216,3.39,1.59,NA,82.9,-20.699,87.17,2127,5.944,490567,605200,542908,519346,542340,543768,606115,541650,542979,570267,54.557,0.075,0.069,0,1,0,0,2,13,5,0
FT,2017-05-07,89.1,-2.2061,5.6415,Phil Gosselin,594838,605200,NA,ball,NA,NA,NA,NA,14,NA,R,R,R,PIT,MIL,B,NA,NA,2,1,2017,-1.491,1.1799,1.4416,1.4551,NA,NA,NA,2,2,Bot,NA,NA,NA,NA,542908,NA,170507_180217,11.8952,-128.8045,-6.5847,-18.7991,24.8934,-18.0581,3.39,1.59,NA,NA,NA,88.37,2185,6.038,490567,605200,542908,519346,542340,543768,606115,541650,542979,570267,54.4636,0,0,NA,NA,NA,NA,NA,13,4,NA
FT,2017-05-07,88.1,-2.2833,5.7308,Phil Gosselin,594838,605200,NA,called_strike,NA,NA,NA,NA,6,NA,R,R,R,PIT,MIL,S,NA,NA,2,0,2017,-1.2151,1.282,0.3623,2.3829,NA,NA,NA,2,2,Bot,NA,NA,NA,NA,542908,NA,170507_180203,8.8676,-127.7087,-4.6532,-14.9851,24.0327,-17.4513,3.39,1.59,NA,NA,NA,87.955,2071,6.212,490567,605200,542908,519346,542340,543768,606115,541650,542979,570267,54.2897,0,0,NA,NA,NA,NA,NA,13,3,NA
FT,2017-05-07,88.9,-2.1186,5.7224,Phil Gosselin,594838,605200,NA,ball,NA,NA,NA,NA,14,NA,R,R,R,PIT,MIL,B,NA,NA,1,0,2017,-1.3248,1.3151,0.8934,0.8038,NA,NA,NA,2,2,Bot,NA,NA,NA,NA,542908,NA,170507_180150,10.0238,-128.6798,-8.6216,-16.625,25.498,-16.1502,3.39,1.59,NA,NA,NA,88.3,2085,6.102,490567,605200,542908,519346,542340,543768,606115,541650,542979,570267,54.3993,0,0,NA,NA,NA,NA,NA,13,2,NA
FT,2017-05-07,88.1,-2.1138,5.6995,Phil Gosselin,594838,605200,NA,ball,NA,NA,NA,NA,14,NA,R,R,R,PIT,MIL,B,NA,NA,0,0,2017,-1.107,1.3987,0.6358,1.112,NA,NA,570256,1,2,Bot,NA,NA,NA,NA,542908,NA,170507_180054,8.8671,-127.5737,-7.837,-13.7406,24.202,-15.6605,3.39,1.59,NA,NA,NA,87.68,2040,6.116,490567,605200,542908,519346,542340,543768,606115,541650,542979,570267,54.3849,0,0,NA,NA,NA,NA,NA,13,1,NA
FT,2017-06-02,93.1,-1.7868,6.0598,Phil Gosselin,594838,519166,strikeout,called_strike,NA,NA,NA,NA,3,Phil Gosselin called out on strikes.,R,R,R,NYM,PIT,S,NA,NA,2,2,2017,-1.0465,1.9245,0.3887,3.0444,NA,NA,NA,1,7,Top,NA,NA,NA,NA,518595,NA,170603_014245,7.837,-134.8181,-6.0178,-14.5798,33.7654,-7.7101,3.4291,1.4977,NA,NA,NA,92.192,2533,6.351,490922,519166,518595,446263,435522,608061,452678,624424,434158,457803,54.1485,0,0,0,1,0,0,NA,64,5,NA
FT,2017-06-02,92.4,-1.6644,6.1537,Phil Gosselin,594838,519166,NA,ball,NA,NA,NA,NA,11,NA,R,R,R,NYM,PIT,B,NA,NA,1,2,2017,-1.0243,2.0606,-0.0182,5.3189,NA,NA,NA,1,7,Top,NA,NA,NA,NA,518595,NA,170603_014225,6.3837,-134.0008,-0.6664,-13.7535,32.554,-7.7078,3.4397,1.5803,NA,NA,NA,91.646,2410,6.295,490922,519166,518595,446263,435522,608061,452678,624424,434158,457803,54.2048,0,0,NA,NA,NA,NA,NA,64,4,NA
CU,2017-06-02,77.7,-1.4315,6.1765,Phil Gosselin,594838,519166,NA,foul,NA,NA,NA,NA,1,NA,R,R,R,NYM,PIT,S,NA,NA,1,1,2017,-0.049,-0.6332,-0.3219,2.7594,NA,NA,NA,1,7,Top,NA,NA,NA,NA,518595,NA,170603_014206,2.4379,-112.8454,0.7685,-0.881,21.8542,-37.8676,3.161,1.3428,NA,NA,NA,76.718,2299,5.831,490922,519166,518595,446263,435522,608061,452678,624424,434158,457803,54.6683,0,0,NA,NA,NA,NA,NA,64,3,NA
SL,2017-06-02,85.7,-1.8703,6.0478,Phil Gosselin,594838,519166,NA,called_strike,NA,NA,NA,NA,9,NA,R,R,R,NYM,PIT,S,NA,NA,1,0,2017,0.2313,0.3697,0.6397,1.8687,NA,NA,NA,1,7,Top,NA,NA,NA,NA,518595,NA,170603_014142,5.4408,-124.3993,-4.2689,1.2203,26.4135,-27.7077,3.3568,1.4873,NA,NA,NA,85.096,2435,6.157,490922,519166,518595,446263,435522,608061,452678,624424,434158,457803,54.3422,0,0,NA,NA,NA,NA,NA,64,2,NA
CU,2017-06-02,77.7,-1.5167,6.2179,Phil Gosselin,594838,519166,NA,ball,NA,NA,NA,NA,11,NA,R,R,R,NYM,PIT,B,NA,NA,0,0,2017,0.038,-0.4418,-0.8738,4.0724,NA,NA,NA,1,7,Top,NA,NA,NA,NA,518595,NA,170603_014126,1.2941,-112.8121,3.0907,0.0776,20.9441,-36.6905,3.4706,1.4873,NA,NA,NA,76.778,2257,5.791,490922,519166,518595,446263,435522,608061,452678,624424,434158,457803,54.7088,0,0,NA,NA,NA,NA,NA,64,1,NA
CU,2017-06-10,73.5,-2.7159,3.4408,Phil Gosselin,594838,446899,field_out,hit_into_play,NA,NA,NA,NA,14,"Phil Gosselin grounds out softly, catcher J.  T.   Realmuto to first baseman Tyler Moore.",R,R,R,PIT,MIA,X,2,ground_ball,0,2,2017,1.1868,0.676,1.0162,1.7471,NA,NA,NA,0,6,Bot,129.63,195.96,NA,NA,592663,NA,170610_221324,5.4854,-106.6344,2.6641,7.9849,16.8178,-27.7891,3.2765,1.4574,NA,82.9,-20.699,72.516,2166,5.517,491027,446899,592663,489138,543829,518618,595375,542303,592885,400085,54.9841,0.075,0.069,0,1,0,0,2,56,3,0
SI,2017-06-10,83,-2.5675,2.4124,Phil Gosselin,594838,446899,NA,called_strike,NA,NA,NA,NA,9,NA,R,R,R,PIT,MIA,S,NA,NA,0,1,2017,-1.2511,-0.9848,0.4348,1.3098,NA,NA,NA,0,6,Bot,NA,NA,NA,NA,592663,NA,170610_221306,9.0545,-120.2605,5.6558,-13.4485,20.4835,-42.7339,3.2582,1.2534,NA,NA,NA,81.933,1893,5.539,491027,446899,592663,489138,543829,518618,595375,542303,592885,400085,54.9624,0,0,NA,NA,NA,NA,NA,56,2,NA
SI,2017-06-10,83.4,-2.6878,2.6536,Phil Gosselin,594838,446899,NA,called_strike,NA,NA,NA,NA,8,NA,R,R,R,PIT,MIA,S,NA,NA,0,0,2017,-1.0724,-0.7804,0.0968,1.9335,NA,NA,NA,0,6,Bot,NA,NA,NA,NA,592663,NA,170610_221248,8.362,-120.993,6.1316,-11.8423,19.6383,-40.9984,3.3013,1.5203,NA,NA,NA,83.082,1879,5.872,491027,446899,592663,489138,543829,518618,595375,542303,592885,400085,54.6289,0,0,NA,NA,NA,NA,NA,56,1,NA
FF,2017-06-09,92.2,-3.1108,5.5247,Phil Gosselin,594838,621295,field_out,hit_into_play,NA,NA,NA,NA,2,Phil Gosselin flies out to center fielder Marcell Ozuna.,R,R,R,PIT,MIA,X,8,fly_ball,3,2,2017,-0.6591,1.3052,0.088,2.8366,NA,457705,474568,1,9,Bot,163.59,62.18,NA,NA,454560,NA,170610_023054,9.629,-133.9359,-3.9293,-9.9506,25.8282,-15.5646,3.2414,1.4227,335,93.6,38.311,93.142,2293,6.697,491012,621295,454560,542513,543829,518568,595375,518618,542303,489138,53.8039,0.067,0.12,0,1,0,0,3,91,7,0
SL,2017-06-09,84,-2.9795,5.7531,Phil Gosselin,594838,621295,NA,blocked_ball,NA,NA,NA,NA,14,NA,R,R,R,PIT,MIA,B,NA,NA,2,2,2017,0.2928,0.1539,0.5309,0.5344,NA,457705,474568,1,9,Bot,NA,NA,NA,NA,454560,NA,170610_023022,7.5472,-122.0128,-6.0713,1.7182,20.0801,-29.7987,3.4449,1.6262,NA,NA,NA,84.508,2516,6.354,491012,621295,454560,542513,543829,518568,595375,518618,542303,489138,54.1468,0,0,NA,NA,NA,NA,NA,91,6,NA
FF,2017-06-09,91.6,-3.1587,5.5711,Phil Gosselin,594838,621295,NA,ball,NA,NA,NA,NA,11,NA,R,R,R,PIT,MIA,B,NA,NA,1,2,2017,-0.9654,1.1459,-0.0427,3.9243,NA,457705,474568,1,9,Bot,NA,NA,NA,NA,454560,NA,170610_023000,10.0819,-132.9896,-0.8374,-13.7489,26.2129,-18.2177,3.4264,1.6817,NA,NA,NA,92.785,2117,6.931,491012,621295,454560,542513,543829,518568,595375,518618,542303,489138,53.5706,0,0,NA,NA,NA,NA,NA,91,5,NA
FF,2017-06-09,93.2,-2.8753,5.7414,Phil Gosselin,594838,621295,NA,foul,NA,NA,NA,NA,5,NA,R,R,R,PIT,MIA,S,NA,NA,1,2,2017,-0.9227,1.1484,0.0803,2.3741,NA,457705,474568,1,9,Bot,NA,NA,NA,NA,454560,NA,170610_022935,9.7096,-135.2926,-5.503,-13.5099,26.785,-16.836,3.2414,1.4227,182,91.8,7.2964,94.196,2297,6.793,491012,621295,454560,542513,543829,518568,595375,518618,542303,489138,53.7081,0,0,NA,NA,NA,NA,4,91,4,0
SL,2017-06-09,81.4,-3.1182,5.7769,Phil Gosselin,594838,621295,NA,swinging_strike_blocked,NA,NA,NA,NA,13,NA,R,R,R,PIT,MIA,S,NA,NA,1,1,2017,-0.0153,-0.5664,-0.4625,0.6496,NA,457705,474568,1,9,Bot,NA,NA,NA,NA,454560,NA,170610_022908,5.9776,-118.4383,-3.8954,-1.1716,20.3559,-37.0475,3.2414,1.4227,NA,NA,NA,81.608,2435,6.211,491012,621295,454560,542513,543829,518568,595375,518618,542303,489138,54.2908,0,0,NA,NA,NA,NA,NA,91,3,NA
FF,2017-06-09,93.1,-3.0171,5.7098,Phil Gosselin,594838,621295,NA,called_strike,NA,NA,NA,NA,6,NA,R,R,R,PIT,MIA,S,NA,NA,1,0,2017,-0.7527,1.2643,0.3209,2.6214,NA,457705,474568,1,9,Bot,NA,NA,NA,NA,454560,NA,170610_022847,10.3438,-135.0267,-5.0276,-11.5606,27.4818,-15.441,3.4364,1.6262,NA,NA,NA,94.211,2205,6.968,491012,621295,454560,542513,543829,518568,595375,518618,542303,489138,53.5332,0,0,NA,NA,NA,NA,NA,91,2,NA
SL,2017-06-09,82.1,-3.1432,5.8542,Phil Gosselin,594838,621295,NA,ball,NA,NA,NA,NA,9,NA,R,R,R,PIT,MIA,B,NA,NA,0,0,2017,0.3439,-0.0406,0.3864,1.4929,NA,457705,474568,1,9,Bot,NA,NA,NA,NA,454560,NA,170610_022828,7.3083,-119.2199,-3.2779,2.0054,20.944,-32.1873,3.4264,1.6077,NA,NA,NA,82.171,2554,6.255,491012,621295,454560,542513,543829,518568,595375,518618,542303,489138,54.246,0,0,NA,NA,NA,NA,NA,91,1,NA
FF,2017-06-09,94.4,1.5868,6.2699,Phil Gosselin,594838,606424,field_out,hit_into_play,NA,NA,NA,NA,11,Phil Gosselin lines out to second baseman Dee Gordon.,R,R,L,PIT,MIA,X,4,line_drive,0,2,2017,0.0575,1.3908,-1.4191,2.9268,NA,NA,607732,0,8,Bot,125.59,136.38,NA,NA,454560,NA,170610_015717,-7.9135,-137.0458,-6.0977,2.2247,25.9282,-13.5992,3.2414,1.4227,155,54,32.28,94.564,2083,6.189,491012,606424,454560,542513,543829,518568,595375,518618,542303,489138,54.3119,0.207,0.195,0,1,0,0,1,79,4,0
FF,2017-06-09,93.3,1.9198,6.1798,Phil Gosselin,594838,606424,NA,foul,NA,NA,NA,NA,12,NA,R,R,L,PIT,MIA,S,NA,NA,0,2,2017,0.6757,1.4998,0.8418,2.5542,NA,NA,607732,0,8,Bot,NA,NA,NA,NA,454560,NA,170610_015649,-4.1927,-135.4543,-6.7732,9.1008,27.1566,-12.6944,3.2414,1.4227,154,74.1,12.1373,92.881,2078,5.978,491012,606424,454560,542513,543829,518568,595375,518618,542303,489138,54.523,0,0,NA,NA,NA,NA,4,79,3,0
FF,2017-06-09,92,2.1712,6.1323,Phil Gosselin,594838,606424,NA,swinging_strike,NA,NA,NA,NA,14,NA,R,R,L,PIT,MIA,S,NA,NA,0,1,2017,0.7987,1.3256,1.5452,2.2453,NA,NA,607732,0,8,Bot,NA,NA,NA,NA,454560,NA,170610_015627,-3.2613,-133.6864,-6.8423,10.1644,25.8492,-15.235900000000001,3.2414,1.4227,NA,NA,NA,91.786,2076,6.002,491012,606424,454560,542513,543829,518568,595375,518618,542303,489138,54.4989,0,0,NA,NA,NA,NA,NA,79,2,NA
CH,2017-06-09,87.3,1.7056,6.2379,Phil Gosselin,594838,606424,NA,called_strike,NA,NA,NA,NA,2,NA,R,R,L,PIT,MIA,S,NA,NA,0,0,2017,1.244,0.7705,0.2288,2.9163,NA,NA,607732,0,8,Bot,NA,NA,NA,NA,454560,NA,170610_015610,-6.0508,-126.7919,-3.4275,14.5467,23.7362,-23.4289,3.4179,1.6447,NA,NA,NA,87.243,2245,6.165,491012,606424,454560,542513,543829,518568,595375,518618,542303,489138,54.3361,0,0,NA,NA,NA,NA,NA,79,1,NA
SL,2017-06-09,81.8,-2.3471,6.1483,Phil Gosselin,594838,607457,field_out,hit_into_play,NA,NA,NA,NA,2,Phil Gosselin flies out to right fielder Giancarlo Stanton.,R,R,R,PIT,MIA,X,9,fly_ball,2,2,2017,0.404,-0.4907,0.2657,2.7347,NA,607732,NA,0,6,Bot,173.87,109.91,NA,NA,454560,NA,170610_011409,5.0631,-118.8196,-0.2405,2.8194,21.6485,-36.9155,3.2414,1.4227,248,87.3,48.693,80.807,2504,5.598,491012,607457,454560,489138,543829,518618,595375,542303,592885,519317,54.9038,0.006,0.006,0,1,0,0,3,58,5,0
FF,2017-06-09,95.5,-2.2569,6.1557,Phil Gosselin,594838,607457,NA,foul,NA,NA,NA,NA,1,NA,R,R,R,PIT,MIA,S,NA,NA,2,1,2017,-0.5362,1.2717,-0.5368,2.921,NA,607732,NA,0,6,Bot,NA,NA,NA,NA,454560,NA,170610_011325,5.6517,-138.1767,-5.7078,-8.0095,25.6912,-14.7879,3.2414,1.4227,NA,NA,NA,95.748,2464,6.327,491012,607457,454560,489138,543829,518618,595375,542303,592885,519317,54.1747,0,0,NA,NA,NA,NA,NA,58,4,NA
FF,2017-06-09,95.9,-2.435,6.0966,Phil Gosselin,594838,607457,NA,foul,NA,NA,NA,NA,2,NA,R,R,R,PIT,MIA,S,NA,NA,2,0,2017,-0.8569,0.9076,-0.1564,2.7899,NA,607732,NA,0,6,Bot,NA,NA,NA,NA,454560,NA,170610_011300,7.8791,-139.3057,-5.2098,-12.6513,25.7427,-19.5418,3.2414,1.4227,212,73.9,33.9168,96.053,2464,6.077,491012,607457,454560,489138,543829,518618,595375,542303,592885,519317,54.4245,0,0,NA,NA,NA,NA,3,58,3,0
SL,2017-06-09,81.4,-2.2244,6.1679,Phil Gosselin,594838,607457,NA,ball,NA,NA,NA,NA,14,NA,R,R,R,PIT,MIA,B,NA,NA,1,0,2017,0.6576,-0.3744,1.4871,2.0722,NA,607732,NA,0,6,Bot,NA,NA,NA,NA,454560,NA,170610_011237,7.0148,-118.2204,-1.9024,4.8079,21.1316,-35.5161,3.4634,1.6262,NA,NA,NA,80.634,2619,5.73,491012,607457,454560,489138,543829,518618,595375,542303,592885,519317,54.7715,0,0,NA,NA,NA,NA,NA,58,2,NA
FF,2017-06-09,95.6,-2.286,6.1206,Phil Gosselin,594838,607457,NA,ball,NA,NA,NA,NA,12,NA,R,R,R,PIT,MIA,B,NA,NA,0,0,2017,-0.5528,1.2785,0.0258,3.6894,NA,607732,NA,0,6,Bot,NA,NA,NA,NA,454560,NA,170610_011217,7.3062,-138.9482,-3.6891,-8.6331,27.3128,-14.9982,3.4819,1.6632,NA,NA,NA,95.878,2427,6.236,491012,607457,454560,489138,543829,518618,595375,542303,592885,519317,54.2657,0,0,NA,NA,NA,NA,NA,58,1,NA
FF,2017-06-08,99.3,-2.4481,5.7053,Phil Gosselin,594838,623395,single,hit_into_play_no_out,NA,NA,NA,NA,4,Phil Gosselin singles on a ground ball to right fielder Giancarlo Stanton.,R,R,R,PIT,MIA,X,NA,ground_ball,1,0,2017,-1.2597,1.2847,-0.5547,2.6289,NA,NA,NA,0,9,Bot,167.21,110.51,NA,NA,592663,NA,170609_020229,8.0253,-144.0557,-5.9187,-19.2219,32.6104,-13.3056,3.2481,1.4294,74,84.3,2.75,98.731,2523,6.078,490999,623395,592663,542513,518568,518618,595375,489138,592885,519317,54.423,0.338,0.317,0.9,1,1,0,2,72,2,0
FF,2017-06-08,99.4,-2.4218,5.7102,Phil Gosselin,594838,623395,NA,ball,NA,NA,NA,NA,12,NA,R,R,R,PIT,MIA,B,NA,NA,0,0,2017,-0.954,1.6599,1.2689,2.4778,NA,NA,NA,0,9,Bot,NA,NA,NA,NA,592663,NA,170609_020201,12.2126,-143.7881,-7.1777,-15.9704,33.2015,-7.8586,3.3141,1.6008,NA,NA,NA,98.612,2571,6.161,490999,623395,592663,542513,518568,518618,595375,489138,592885,519317,54.3407,0,0,NA,NA,NA,NA,NA,72,1,NA
CH,2017-06-08,85.3,-1.5925,4.9245,Phil Gosselin,594838,450172,strikeout,called_strike,NA,NA,NA,NA,9,Phil Gosselin called out on strikes.,R,R,R,PIT,MIA,S,NA,NA,0,2,2017,-0.8206,0.7324,0.7401,1.8605,543281,NA,NA,1,6,Bot,NA,NA,NA,NA,592663,NA,170609_010800,7.2179,-123.9441,-2.4424,-9.9982,23.3016,-24.1806,3.2582,1.5745,NA,NA,NA,86.248,1358,6.837,490999,450172,592663,489138,543829,518618,595375,542303,592885,519317,53.6644,0,0,0,1,0,0,NA,52,4,NA
CH,2017-06-08,85,-1.5973,5.0885,Phil Gosselin,594838,450172,NA,foul,NA,NA,NA,NA,7,NA,R,R,R,PIT,MIA,S,NA,NA,0,2,2017,-1.4313,0.4913,-0.6429,1.9667,543281,NA,NA,1,6,Bot,NA,NA,NA,NA,592663,NA,170609_010720,5.1925,-123.7768,-2.0752,-15.9925,22.6294,-26.8061,3.2481,1.4294,NA,NA,NA,86.171,1292,6.81,490999,450172,592663,489138,543829,518618,595375,542303,592885,519317,53.6913,0,0,NA,NA,NA,NA,NA,52,3,NA
CH,2017-06-08,84.5,-1.6962,5.0349,Phil Gosselin,594838,450172,NA,foul,NA,NA,NA,NA,2,NA,R,R,R,PIT,MIA,S,NA,NA,0,1,2017,-1.1194,0.6547,-0.268,3.0551,543281,NA,NA,1,6,Bot,NA,NA,NA,NA,592663,NA,170609_010629,5.6018,-122.9199,0.4112,-12.5597,23.4094,-25.7221,3.2481,1.4294,NA,NA,NA,85.148,1222,6.635,490999,450172,592663,489138,543829,518618,595375,542303,592885,519317,53.8662,0,0,NA,NA,NA,NA,NA,52,2,NA
KC,2017-06-08,83.2,-1.6714,5.1536,Phil Gosselin,594838,450172,NA,called_strike,NA,NA,NA,NA,5,NA,R,R,R,PIT,MIA,S,NA,NA,0,0,2017,0.6058,-0.2307,-0.2291,2.2815,543281,NA,NA,1,6,Bot,NA,NA,NA,NA,592663,NA,170609_010607,2.1292,-120.9854,0.2798,5.5244,22.4891,-34.6971,3.39,1.5877,NA,NA,NA,83.041,2946,6.112,490999,450172,592663,489138,543829,518618,595375,542303,592885,519317,54.3894,0,0,NA,NA,NA,NA,NA,52,1,NA
SL,2017-06-04,85.5,-1.3711,6.2613,Phil Gosselin,594838,519166,force_out,hit_into_play_score,NA,NA,NA,NA,7,"Mets challenged (play at 1st), call on the field was upheld: Phil Gosselin grounds into a force out, third baseman Wilmer Flores to second baseman Neil Walker.   Andrew McCutchen scores.    Jordy Mercer to 3rd.    Francisco Cervelli out at 2nd.    Phil Gosselin to 1st.",R,R,R,NYM,PIT,X,5,ground_ball,1,1,2017,0.1163,0.5703,-0.5161,1.5794,457705,474568,465041,0,8,Top,100.45,166.02,NA,NA,518595,NA,170604_193255,1.7703,-124.2023,-5.8093,0.8237,25.3524,-25.4196,3.2861,1.5395,59,91.6,2.939,84.748,2422,5.93,490952,519166,518595,446263,435522,527038,452678,624424,434158,457803,54.5697,0.467,0.439,0,1,0,0,4,63,3,0
CU,2017-06-04,77.7,-1.1248,6.2761,Phil Gosselin,594838,519166,NA,ball,NA,NA,NA,NA,11,NA,R,R,R,NYM,PIT,B,NA,NA,0,1,2017,0.3989,-0.473,-0.1405,3.8397,457705,474568,465041,0,8,Top,NA,NA,NA,NA,518595,NA,170604_193232,1.3839,-112.9839,2.4837,3.1369,19.6748,-36.8375,3.2861,1.4231,NA,NA,NA,77.284,2326,5.928,490952,519166,518595,446263,435522,527038,452678,624424,434158,457803,54.572,0,0,NA,NA,NA,NA,NA,63,2,NA
FT,2017-06-04,92.4,-1.5161,6.0467,Phil Gosselin,594838,519166,NA,called_strike,NA,NA,NA,NA,7,NA,R,R,R,NYM,PIT,S,NA,NA,0,0,2017,-1.028,1.4453,-0.4166,2.0856,457705,474568,465041,0,8,Top,NA,NA,NA,NA,518595,NA,170604_193211,5.0909,-134.1732,-7.4751,-13.6891,29.3868,-13.0536,3.323,1.5395,NA,NA,NA,92.932,2422,6.74,490952,519166,518595,446263,435522,527038,452678,624424,434158,457803,53.7594,0,0,NA,NA,NA,NA,NA,63,1,NA
FT,2017-07-15,92.4,-1.8851,5.4729,Phil Gosselin,594838,458681,single,hit_into_play_no_out,NA,NA,NA,NA,5,Phil Gosselin singles on a sharp ground ball to center fielder Dexter Fowler.,R,R,R,PIT,STL,X,NA,ground_ball,1,2,2017,-1.1573,0.8772,-0.1076,2.3525,NA,NA,NA,2,5,Bot,127.21,88.09,NA,NA,425877,NA,170716_004005,6.9419,-134.2684,-4.0349,-15.2588,25.6688,-21.0502,3.2499,1.431,51,102.7,0.773,92.176,2334,5.968,491460,458681,425877,572228,572761,576397,657557,502054,451594,500874,54.5332,0.515,0.481,0.9,1,1,0,4,39,9,0
CU,2017-07-15,79.9,-1.8871,5.6135,Phil Gosselin,594838,458681,NA,ball,NA,NA,NA,NA,14,NA,R,R,R,PIT,STL,B,NA,NA,0,2,2017,0.6293,-0.701,1.0158,0.601,NA,NA,NA,2,5,Bot,NA,NA,NA,NA,425877,NA,170716_003927,5.1773,-116.118,-3.0063,4.6063,21.5243,-38.0636,3.3747,1.5975,NA,NA,NA,78.963,2345,5.68,491460,458681,425877,572228,572761,576397,657557,502054,451594,500874,54.8209,0,0,NA,NA,NA,NA,NA,39,8,NA
FT,2017-07-15,93.3,-1.8696,5.6248,Phil Gosselin,594838,458681,NA,foul,NA,NA,NA,NA,4,NA,R,R,R,PIT,STL,S,NA,NA,0,2,2017,-1.1307,0.5736,-0.7429,2.5952,NA,NA,NA,2,5,Bot,NA,NA,NA,NA,425877,NA,170716_003852,5.3164,-135.7167,-3.3409,-14.9828,25.6342,-24.6487,3.2499,1.431,5,39.9,-23.9624,93.428,2112,6.076,491460,458681,425877,572228,572761,576397,657557,502054,451594,500874,54.4249,0,0,NA,NA,NA,NA,1,39,7,0
FF,2017-07-15,94,-1.9334,5.4566,Phil Gosselin,594838,458681,NA,foul,NA,NA,NA,NA,6,NA,R,R,R,PIT,STL,S,NA,NA,0,2,2017,-0.9458,1.3506,0.2811,2.43,NA,NA,NA,2,5,Bot,NA,NA,NA,NA,425877,NA,170716_003825,7.7335,-136.3145,-5.0057,-13.360900000000001,29.7219,-14.6394,3.2499,1.431,6,50.4,-21.577,93.309,2452,6.047,491460,458681,425877,572228,572761,576397,657557,502054,451594,500874,54.4544,0,0,NA,NA,NA,NA,1,39,6,0
FC,2017-07-15,86.7,-2.0181,5.3617,Phil Gosselin,594838,458681,NA,foul,NA,NA,NA,NA,6,NA,R,R,R,PIT,STL,S,NA,NA,0,2,2017,0.0607,0.5749,0.6151,2.2654,NA,NA,NA,2,5,Bot,NA,NA,NA,NA,425877,NA,170716_003759,6.059,-125.8264,-2.323,-0.5046,23.5234,-26.0296,3.2499,1.431,177,65.8,49.0684,85.43,2588,5.436,491460,458681,425877,572228,572761,576397,657557,502054,451594,500874,55.0652,0,0,NA,NA,NA,NA,3,39,5,0
FT,2017-07-15,92.9,-1.8956,5.5132,Phil Gosselin,594838,458681,NA,foul,NA,NA,NA,NA,13,NA,R,R,R,PIT,STL,S,NA,NA,0,2,2017,-1.5269,0.3592,-0.9126,1.6629,NA,NA,NA,2,5,Bot,NA,NA,NA,NA,425877,NA,170716_003733,5.7228,-134.9888,-4.8474,-19.6078,26.6309,-27.0878,3.2499,1.431,6,48.4,-13.1312,92.409,2284,5.864,491460,458681,425877,572228,572761,576397,657557,502054,451594,500874,54.6372,0,0,NA,NA,NA,NA,1,39,4,0
FF,2017-07-15,93,-1.9408,5.4647,Phil Gosselin,594838,458681,NA,foul,NA,NA,NA,NA,9,NA,R,R,R,PIT,STL,S,NA,NA,0,2,2017,-0.8988,1.4237,0.4049,1.9031,NA,NA,NA,2,5,Bot,NA,NA,NA,NA,425877,NA,170716_003707,7.8014,-134.8908,-6.3273,-12.2989,25.6434,-14.0569,3.2499,1.431,NA,NA,NA,92.144,2324,5.672,491460,458681,425877,572228,572761,576397,657557,502054,451594,500874,54.8298,0,0,NA,NA,NA,NA,NA,39,3,NA
FF,2017-07-15,90.9,-1.9543,5.6326,Phil Gosselin,594838,458681,NA,called_strike,NA,NA,NA,NA,6,NA,R,R,R,PIT,STL,S,NA,NA,0,1,2017,-0.6518,1.6057,0.5445,2.4263,NA,NA,NA,2,5,Bot,NA,NA,NA,NA,425877,NA,170716_003650,7.4804,-131.8267,-5.3898,-8.879,25.0302,-13.0025,3.3432,1.6184,NA,NA,NA,89.844,2263,5.585,491460,458681,425877,572228,572761,576397,657557,502054,451594,500874,54.9165,0,0,NA,NA,NA,NA,NA,39,2,NA
FF,2017-07-15,91.8,-2.0664,5.3413,Phil Gosselin,594838,458681,NA,called_strike,NA,NA,NA,NA,6,NA,R,R,R,PIT,STL,S,NA,NA,0,0,2017,-0.5518,1.2641,0.552,2.8561,NA,NA,NA,2,5,Bot,NA,NA,NA,NA,425877,NA,170716_003636,7.6748,-133.2902,-3.1064,-7.9211,24.8681,-16.944,3.468,1.6808,NA,NA,NA,91.094,2317,5.684,491460,458681,425877,572228,572761,576397,657557,502054,451594,500874,54.8171,0,0,NA,NA,NA,NA,NA,39,1,NA
FF,2017-07-09,90.2,2.733,6.3361,Phil Gosselin,594838,543557,walk,ball,NA,NA,NA,NA,13,Phil Gosselin walks.,R,R,L,CHC,PIT,B,NA,NA,3,0,2017,0.7795,0.9809,-1.0844,2.3817,474568,NA,NA,1,4,Top,NA,NA,NA,NA,575929,NA,170709_184852,-11.1989,-130.7967,-6.0484,11.1492,23.2865,-19.7436,3.2743,1.5957,NA,NA,NA,91.104,1881,6.673,491432,543557,575929,519203,664023,592178,608365,656941,445055,518792,53.8226,0,0,0.7,1,0,0,NA,40,4,NA
CU,2017-07-09,76.3,2.7256,6.3023,Phil Gosselin,594838,543557,NA,ball,NA,NA,NA,NA,13,NA,R,R,L,CHC,PIT,B,NA,NA,2,0,2017,-0.5894,-0.5595,-1.0438,2.2168,474568,NA,NA,1,4,Top,NA,NA,NA,NA,575929,NA,170709_184833,-6.8426,-110.7795,-0.5523,-3.5991,19.6023,-36.8688,3.1537,1.5215,NA,NA,NA,75.873,2434,6.075,491432,543557,575929,519203,664023,592178,608365,656941,445055,518792,54.4209,0,0,NA,NA,NA,NA,NA,40,3,NA
CU,2017-07-09,77,2.7631,6.2667,Phil Gosselin,594838,543557,NA,ball,NA,NA,NA,NA,8,NA,R,R,L,CHC,PIT,B,NA,NA,1,0,2017,-0.2935,-0.4552,-0.1879,1.4313,474568,NA,NA,1,4,Top,NA,NA,NA,NA,575929,NA,170709_184815,-5.734,-111.9452,-2.4836,-1.4668,19.6256,-35.7815,3.1909,1.5493,NA,NA,NA,77.103,2409,6.339,491432,543557,575929,519203,664023,592178,608365,656941,445055,518792,54.1562,0,0,NA,NA,NA,NA,NA,40,2,NA
FF,2017-07-09,91.2,2.8785,6.2855,Phil Gosselin,594838,543557,NA,ball,NA,NA,NA,NA,12,NA,R,R,L,CHC,PIT,B,NA,NA,0,0,2017,1.5827,0.5573,1.2859,2.5682,474568,NA,NA,1,4,Top,NA,NA,NA,NA,575929,NA,170709_184758,-7.4572,-132.5161,-4.6973,20.4179,27.096,-24.7524,3.0858,1.2493,NA,NA,NA,91.819,1731,6.633,491432,543557,575929,519203,664023,592178,608365,656941,445055,518792,53.8627,0,0,NA,NA,NA,NA,NA,40,1,NA
FF,2017-07-17,92.6,3.2124,4.9609,Phil Gosselin,594838,623352,field_out,hit_into_play,NA,NA,NA,NA,7,Phil Gosselin lines out to center fielder Brett Phillips.,R,R,L,PIT,MIL,X,8,line_drive,0,1,2017,0.1119,1.1897,-0.7825,1.9208,NA,570256,NA,2,6,Bot,118.73,99,NA,NA,444489,NA,170718_011317,-10.5682,-134.4948,-4.7032,3.4282,25.7884,-16.5301,3.2431,1.424,294,87.6,17.774,94.093,1682,7.004,491483,623352,444489,519346,542340,543768,606115,460075,621433,570267,53.4978,0.579,0.573,0,1,0,0,4,55,2,0
FF,2017-07-17,94.2,3.2367,5.2407,Phil Gosselin,594838,623352,NA,called_strike,NA,NA,NA,NA,2,NA,R,R,L,PIT,MIL,S,NA,NA,0,0,2017,0.4484,1.3276,0.0573,3.417,NA,570256,NA,2,6,Bot,NA,NA,NA,NA,444489,NA,170718_011254,-9.314,-136.7915,-2.0332,7.649,28.1733,-14.97,3.4695,1.5202,NA,NA,NA,95.013,1831,6.72,491483,623352,444489,519346,542340,543768,606115,460075,621433,570267,53.7817,0,0,NA,NA,NA,NA,NA,55,1,NA
SL,2017-07-16,86.5,-0.7628,5.2148,Phil Gosselin,594838,593372,strikeout,swinging_strike,NA,NA,NA,NA,14,Phil Gosselin strikes out swinging.,R,R,R,PIT,STL,S,NA,NA,0,2,2017,0.9312,0.764,0.9872,1.0198,NA,NA,NA,2,7,Bot,NA,NA,NA,NA,425877,NA,170716_195244,2.3094,-125.2772,-5.0401,8.8079,27.4091,-23.7363,3.243,1.4239,NA,NA,NA,83.89,2200,5.019,491475,593372,425877,572761,543939,576397,657557,502054,451594,642423,55.4826,0,0,0,1,0,0,NA,58,3,NA
FT,2017-07-16,95.1,-0.9441,4.8897,Phil Gosselin,594838,593372,NA,swinging_strike,NA,NA,NA,NA,13,NA,R,R,R,PIT,STL,S,NA,NA,0,1,2017,-1.6389,0.1106,-1.4683,2.0071,NA,NA,NA,2,7,Bot,NA,NA,NA,NA,425877,NA,170716_195233,2.119,-138.2541,-2.1598,-20.9375,28.5582,-30.5855,3.243,1.4239,NA,NA,NA,93.911,1924,5.476,491475,593372,425877,572761,543939,576397,657557,502054,451594,642423,55.0256,0,0,NA,NA,NA,NA,NA,58,2,NA
FT,2017-07-16,96.9,-1.1774,4.9977,Phil Gosselin,594838,593372,NA,called_strike,NA,NA,NA,NA,8,NA,R,R,R,PIT,STL,S,NA,NA,0,0,2017,-1.5458,0.4971,-0.0849,1.7064,NA,NA,NA,2,7,Bot,NA,NA,NA,NA,425877,NA,170716_195220,6.2611,-140.7919,-4.342,-21.5347,29.0437,-24.9934,3.3474,1.5654,NA,NA,NA,96.114,1970,5.714,491475,593372,425877,572761,543939,576397,657557,502054,451594,642423,54.7871,0,0,NA,NA,NA,NA,NA,58,1,NA
CU,2017-08-20,81.5,-1.2225,6.0407,Phil Gosselin,594838,500872,field_out,hit_into_play,NA,NA,NA,NA,4,"Phil Gosselin grounds out, third baseman Tyler Saladino to first baseman Nicky Delmonico.",R,R,R,TEX,CWS,X,5,ground_ball,1,1,2017,0.2541,-0.7048,-0.544,2.1338,NA,NA,NA,1,8,Bot,105.53,169.58,NA,NA,553882,NA,170820_220038,1.0386,-118.5089,-0.8542,2.166,22.7025,-38.8039,3.2358,1.4176,54,84.1,2.094,81.023,2868,6.003,491944,500872,553882,547170,570560,573135,641313,544725,641553,541645,54.4937,0.311,0.293,0,1,0,0,2,68,3,0
SL,2017-08-20,85.3,-1.4085,6.0115,Phil Gosselin,594838,500872,NA,ball,NA,NA,NA,NA,14,NA,R,R,R,TEX,CWS,B,NA,NA,0,1,2017,0.2919,-0.5923,0.7935,0.9094,NA,NA,NA,1,8,Bot,NA,NA,NA,NA,553882,NA,170820_220013,4.5685,-123.9895,-4.5076,2.0737,24.4218,-37.5509,3.2834,1.4176,NA,NA,NA,84.764,2634,5.96,491944,500872,553882,547170,570560,573135,641313,544725,641553,541645,54.5368,0,0,NA,NA,NA,NA,NA,68,2,NA
FF,2017-08-20,96.1,-1.1641,6.0786,Phil Gosselin,594838,500872,NA,foul,NA,NA,NA,NA,7,NA,R,R,R,TEX,CWS,S,NA,NA,0,0,2017,-0.7659,1.1286,-0.6721,1.448,NA,NA,NA,1,8,Bot,NA,NA,NA,NA,553882,NA,170820_215950,3.0134,-139.5901,-9.2154,-10.6607,28.9684,-15.6755,3.2358,1.4176,1,48,-53.6096,96.176,2194,6.248,491944,500872,553882,547170,570560,573135,641313,544725,641553,541645,54.2487,0,0,NA,NA,NA,NA,1,68,1,0
FF,2017-09-14,88.4,2.4396,6.0958,Phil Gosselin,594838,452027,force_out,hit_into_play,NA,NA,NA,NA,1,"Phil Gosselin grounds into a force out, pitcher Andrew Albers to shortstop Jean Segura.   Jared Hoying out at 2nd.    Phil Gosselin to 1st.",R,R,L,TEX,SEA,X,1,ground_ball,2,2,2017,0.7664,1.5618,-0.7513,2.8482,NA,NA,592419,0,8,Bot,126.84,182.8,NA,NA,605357,NA,170915_031538,-9.235,-128.1196,-4.9589,10.1628,25.1917,-14.4137,3.2351,1.417,NA,82.9,-20.699,87.652,2146,5.923,492294,452027,605357,475174,493596,600301,516416,592325,595238,571745,54.5741,0.075,0.069,0,1,0,0,2,75,6,0
CU,2017-09-14,68.8,2.4565,6.1967,Phil Gosselin,594838,452027,NA,blocked_ball,NA,NA,NA,NA,13,NA,R,R,L,TEX,SEA,B,NA,NA,1,2,2017,-0.9994,-0.7283,-0.5041,0.7972,NA,NA,592419,0,8,Bot,NA,NA,NA,NA,605357,NA,170915_031509,-3.9687,-99.7992,-1.1974,-5.6006,17.6489,-36.8748,3.4323,1.6581,NA,NA,NA,66.599,2328,4.86,492294,452027,605357,475174,493596,600301,516416,592325,595238,571745,55.6366,0,0,NA,NA,NA,NA,NA,75,5,NA
SI,2017-09-14,87.5,2.4644,6.0862,Phil Gosselin,594838,452027,NA,foul,NA,NA,NA,NA,3,NA,R,R,L,TEX,SEA,S,NA,NA,1,2,2017,1.1254,0.9431,0.4826,3.1742,NA,NA,592419,0,8,Bot,NA,NA,NA,NA,605357,NA,170915_031444,-6.991,-126.9623,-2.7755,13.4194,24.6706,-21.7485,3.2351,1.417,225,75.3,25.481,86.955,2069,5.977,492294,452027,605357,475174,493596,600301,516416,592325,595238,571745,54.5196,0,0,NA,NA,NA,NA,4,75,4,0
FF,2017-09-14,86.9,2.3304,6.1997,Phil Gosselin,594838,452027,NA,foul_tip,NA,NA,NA,NA,11,NA,R,R,L,TEX,SEA,S,NA,NA,1,1,2017,0.8673,1.7007,-0.5724,3.6497,NA,NA,592419,0,8,Bot,NA,NA,NA,NA,605357,NA,170915_031426,-8.6205,-125.9364,-3.2793,10.889,25.7552,-13.8397,3.2351,1.417,NA,NA,NA,86.146,2078,6.037,492294,452027,605357,475174,493596,600301,516416,592325,595238,571745,54.4601,0,0,NA,NA,NA,NA,NA,75,3,NA
SI,2017-09-14,87.2,2.4857,6.0453,Phil Gosselin,594838,452027,NA,called_strike,NA,NA,NA,NA,8,NA,R,R,L,TEX,SEA,S,NA,NA,1,0,2017,1.4755,1.4337,0.0599,1.9205,NA,NA,592419,0,8,Bot,NA,NA,NA,NA,605357,NA,170915_031408,-8.6987,-126.1489,-6.4916,17.3393,26.4222,-15.9769,3.3547,1.5923,NA,NA,NA,86.112,1985,5.973,492294,452027,605357,475174,493596,600301,516416,592325,595238,571745,54.5236,0,0,NA,NA,NA,NA,NA,75,2,NA
SL,2017-09-14,78,2.3538,6.1564,Phil Gosselin,594838,452027,NA,ball,NA,NA,NA,NA,13,NA,R,R,L,TEX,SEA,B,NA,NA,0,0,2017,-0.3242,0.0377,-1.5542,2.3235,NA,NA,592419,0,8,Bot,NA,NA,NA,NA,605357,NA,170915_031352,-7.7165,-113.0827,-1.3861,-1.35,20.2081,-31.8485,3.4104,1.7019,NA,NA,NA,77.044,NA,5.756,492294,452027,605357,475174,493596,600301,516416,592325,595238,571745,54.741,0,0,NA,NA,NA,NA,NA,75,1,NA
FF,2017-09-10,99.8,-1.0273,6.4659,Phil Gosselin,594838,476454,strikeout,called_strike,NA,NA,NA,NA,9,Phil Gosselin called out on strikes.,R,R,R,TEX,NYY,S,NA,NA,2,2,2017,-0.4642,1.2083,0.6297,1.803,NA,425783,NA,1,8,Bot,NA,NA,NA,NA,519222,NA,170910_222000,5.6779,-144.904,-10.3811,-7.8344,30.0236,-12.8683,3.314,1.6576,NA,NA,NA,100.664,2382,6.622,492240,476454,519222,595885,516770,452104,591720,642180,453056,592122,53.8743,0,0,0,1,0,0,NA,82,5,NA
KC,2017-09-10,83.9,-1.3724,6.1741,Phil Gosselin,594838,476454,NA,called_strike,NA,NA,NA,NA,6,NA,R,R,R,TEX,NYY,S,NA,NA,2,1,2017,0.4205,-0.2572,0.5225,2.5778,NA,425783,NA,1,8,Bot,NA,NA,NA,NA,519222,NA,170910_221941,3.5554,-122.0962,-1.4498,3.527,23.0486,-34.6801,3.2436,1.5644,NA,NA,NA,83.937,2734,6.208,492240,476454,519222,595885,516770,452104,591720,642180,453056,592122,54.2887,0,0,NA,NA,NA,NA,NA,82,4,NA
KC,2017-09-10,84.9,-1.3781,6.2088,Phil Gosselin,594838,476454,NA,called_strike,NA,NA,NA,NA,14,NA,R,R,R,TEX,NYY,S,NA,NA,2,0,2017,0.6263,-0.0455,1.0708,1.9653,NA,425783,NA,1,8,Bot,NA,NA,NA,NA,519222,NA,170910_221921,4.4825,-123.38720000000001,-3.5259,5.5388,23.7055,-32.1719,3.3304,1.7208,NA,NA,NA,84.921,2734,6.286,492240,476454,519222,595885,516770,452104,591720,642180,453056,592122,54.2111,0,0,NA,NA,NA,NA,NA,82,3,NA
FF,2017-09-10,100,-0.9427,6.3097,Phil Gosselin,594838,476454,NA,ball,NA,NA,NA,NA,14,NA,R,R,R,TEX,NYY,B,NA,NA,1,0,2017,-0.5904,0.9744,0.9796,0.9425,NA,425783,NA,1,8,Bot,NA,NA,NA,NA,519222,NA,170910_221900,6.7639,-145.1924,-11.897,-9.948,29.2597,-15.7698,3.3612,1.7149,NA,NA,NA,101.379,2244,6.843,492240,476454,519222,595885,516770,452104,591720,642180,453056,592122,53.6537,0,0,NA,NA,NA,NA,NA,82,2,NA
FF,2017-09-10,100.2,-1.0408,6.3757,Phil Gosselin,594838,476454,NA,ball,NA,NA,NA,NA,12,NA,R,R,R,TEX,NYY,B,NA,NA,0,0,2017,-0.406,1.0426,0.9886,2.7195,NA,425783,NA,1,8,Bot,NA,NA,NA,NA,519222,NA,170910_221844,6.5994,-145.6864,-7.3069,-7.2374,29.7438,-15.7311,3.4184,1.7492,NA,NA,NA,101.24,2330,6.6,492240,476454,519222,595885,516770,452104,591720,642180,453056,592122,53.8968,0,0,NA,NA,NA,NA,NA,82,1,NA
FF,2017-09-10,98.2,-1.6742,5.9442,Phil Gosselin,594838,592454,field_out,hit_into_play,NA,NA,NA,NA,4,Phil Gosselin flies out to right fielder Aaron Judge.,R,R,R,TEX,NYY,X,9,fly_ball,0,0,2017,-0.681,1.2002,-0.311,2.071,NA,607387,592261,2,6,Bot,179.11,96.87,NA,NA,519222,NA,170910_214200,5.3596,-142.6638,-7.9592,-10.713,30.6561,-13.7815,3.2352,1.4171,302,89,30.274,99.608,2226,7,492240,592454,519222,595885,516770,452104,544369,458731,453056,592450,53.4965,0.061,0.087,0,1,0,0,3,65,1,0
SL,2017-09-26,88.5,0.0646,6.7857,Phil Gosselin,594838,594056,strikeout,swinging_strike,NA,NA,NA,NA,7,Phil Gosselin strikes out swinging.,R,R,L,TEX,HOU,S,NA,NA,0,2,2017,-0.2425,-0.3176,-0.4882,1.8909,608336,519025,NA,2,9,Bot,NA,NA,NA,NA,518542,NA,170927_033030,-0.8476,-128.8777,-5.3145,-2.5751,23.4136,-34.9701,3.2536,1.6736,NA,NA,NA,89.159,2493,6.369,492449,594056,518542,592567,643603,605204,608324,643393,457727,605233,54.1279,0,0,0,1,0,0,NA,86,3,NA
SL,2017-09-26,87,0.1756,6.6832,Phil Gosselin,594838,594056,NA,called_strike,NA,NA,NA,NA,1,NA,R,R,L,TEX,HOU,S,NA,NA,0,1,2017,-0.1062,-0.3409,-0.5961,3.358,608336,519025,NA,2,9,Bot,NA,NA,NA,NA,518542,NA,170927_033010,-1.638,-126.8435,-1.2502,-0.8856,21.1996,-35.8646,3.3832,1.6473,NA,NA,NA,87.817,2382,6.285,492449,594056,518542,592567,643603,605204,608324,643393,457727,605233,54.2116,0,0,NA,NA,NA,NA,NA,86,2,NA
SL,2017-09-26,86.6,0.3839,6.6285,Phil Gosselin,594838,594056,NA,called_strike,NA,NA,NA,NA,3,NA,R,R,L,TEX,HOU,S,NA,NA,0,0,2017,-0.1383,-0.2836,0.2838,3.1086,608336,519025,NA,2,9,Bot,NA,NA,NA,NA,518542,NA,170927_032950,0.0376,-126.1381,-1.7435,-1.4836,21.6332,-35.0986,3.3371,1.6473,NA,NA,NA,86.853,2352,6.041,492449,594056,518542,592567,643603,605204,608324,643393,457727,605233,54.4557,0,0,NA,NA,NA,NA,NA,86,1,NA
FF,2017-09-26,92.5,-1.5718,6.074,Phil Gosselin,594838,501789,field_out,hit_into_play,NA,NA,NA,NA,9,Phil Gosselin lines out to right fielder Derek Fisher.,R,R,R,TEX,HOU,X,9,line_drive,3,2,2017,-0.2972,0.9185,0.3072,1.6843,NA,NA,NA,2,7,Bot,201.37,117.74,NA,NA,518542,NA,170927_025603,5.5125,-134.5439,-7.5907,-4.7331,24.5467,-19.4261,3.2349,1.4167,262,86,20.231,94.155,2491,6.92,492449,501789,518542,592567,643603,605204,608324,643393,457727,605233,53.5763,0.442,0.443,0,1,0,0,4,70,6,0
FF,2017-09-26,94.1,-1.3867,6.1682,Phil Gosselin,594838,501789,NA,ball,NA,NA,NA,NA,14,NA,R,R,R,TEX,HOU,B,NA,NA,2,2,2017,-0.4067,1.136,0.0841,1.2653,NA,NA,NA,2,7,Bot,NA,NA,NA,NA,518542,NA,170927_025542,4.7438,-136.7032,-9.6617,-6.0857,25.1012,-16.001,3.2809,1.6933,NA,NA,NA,95.189,2588,6.632,492449,501789,518542,592567,643603,605204,608324,643393,457727,605233,53.8645,0,0,NA,NA,NA,NA,NA,70,5,NA
CU,2017-09-26,81.8,-1.5888,6.0906,Phil Gosselin,594838,501789,NA,ball,NA,NA,NA,NA,14,NA,R,R,R,TEX,HOU,B,NA,NA,1,2,2017,0.5568,-1.3687,0.3983,0.5767,NA,NA,NA,2,7,Bot,NA,NA,NA,NA,518542,NA,170927_025517,3.4284,-119.141,-3.2281,4.6853,23.5677,-44.9192,3.2349,1.6011,NA,NA,NA,82.466,2637,6.747,492449,501789,518542,592567,643603,605204,608324,643393,457727,605233,53.7495,0,0,NA,NA,NA,NA,NA,70,4,NA
CU,2017-09-26,81.8,-1.5689,6.1913,Phil Gosselin,594838,501789,NA,called_strike,NA,NA,NA,NA,4,NA,R,R,R,TEX,HOU,S,NA,NA,1,1,2017,0.5505,-1.1064,-0.7293,2.404,NA,NA,NA,2,7,Bot,NA,NA,NA,NA,518542,NA,170927_025459,0.8301,-119.0778,0.1953,5.1197,23.9407,-43.0425,3.2449,1.555,NA,NA,NA,82.333,2627,6.725,492449,501789,518542,592567,643603,605204,608324,643393,457727,605233,53.7716,0,0,NA,NA,NA,NA,NA,70,3,NA
FF,2017-09-26,92,-1.5063,6.0503,Phil Gosselin,594838,501789,NA,foul,NA,NA,NA,NA,2,NA,R,R,R,TEX,HOU,S,NA,NA,1,0,2017,-0.164,0.3114,0.2354,2.9392,NA,NA,NA,2,7,Bot,NA,NA,NA,NA,518542,NA,170927_025439,4.8007,-133.833,-2.8026,-2.936,25.985,-28.0066,3.2349,1.4167,331,91.5,28.7057,92.893,2472,6.604,492449,501789,518542,592567,643603,605204,608324,643393,457727,605233,53.8928,0,0,NA,NA,NA,NA,3,70,2,0
FF,2017-09-26,93.1,-1.5159,6.1347,Phil Gosselin,594838,501789,NA,ball,NA,NA,NA,NA,14,NA,R,R,R,TEX,HOU,B,NA,NA,0,0,2017,-0.1323,0.6692,1.1071,0.9159,NA,NA,NA,2,7,Bot,NA,NA,NA,NA,518542,NA,170927_025412,7.0604,-135.1884,-9.2209,-2.9392,24.4626,-22.2634,3.2809,1.6472,NA,NA,NA,94.221,2429,6.676,492449,501789,518542,592567,643603,605204,608324,643393,457727,605233,53.8202,0,0,NA,NA,NA,NA,NA,70,1,NA
SL,2017-09-25,83.2,-2.4873,6.1848,Phil Gosselin,594838,593140,strikeout,swinging_strike_blocked,NA,NA,NA,NA,7,Phil Gosselin strikes out swinging.,R,R,R,TEX,HOU,S,NA,NA,0,2,2017,-0.2636,0.7426,-0.4827,1.6954,NA,NA,641432,0,9,Bot,NA,NA,NA,NA,545358,NA,170926_033659,5.146,-120.7833,-5.274,-3.6667,25.0646,-23.9677,3.1572,1.3487,NA,NA,NA,83.413,2411,6.696,492436,593140,545358,605204,643603,592567,503556,643393,457727,605233,53.8002,0,0,0,1,0,0,NA,83,3,NA
SL,2017-09-25,81.2,-2.6783,6.2757,Phil Gosselin,594838,593140,NA,swinging_strike,NA,NA,NA,NA,13,NA,R,R,R,TEX,HOU,S,NA,NA,0,1,2017,0.6799,0.2316,-0.1653,1.2147,NA,NA,641432,0,9,Bot,NA,NA,NA,NA,545358,NA,170926_033641,4.3487,-118.173,-5.2531,5.7139,21.047,-29.2101,3.1572,1.3487,NA,NA,NA,82.103,2390,6.735,492436,593140,545358,605204,643603,592567,503556,643393,457727,605233,53.7621,0,0,NA,NA,NA,NA,NA,83,2,NA
FF,2017-09-25,93.9,-2.3337,6.4776,Phil Gosselin,594838,593140,NA,called_strike,NA,NA,NA,NA,13,NA,R,R,R,TEX,HOU,S,NA,NA,0,0,2017,-0.6062,1.8819,-0.8551,2.0945,NA,NA,641432,0,9,Bot,NA,NA,NA,NA,545358,NA,170926_033624,5.1829,-136.1459,-9.7698,-8.7602,30.9723,-6.6246,3.3502,1.5776,NA,NA,NA,93.949,2327,6.586,492436,593140,545358,605204,643603,592567,503556,643393,457727,605233,53.9103,0,0,NA,NA,NA,NA,NA,83,1,NA
SL,2017-10-01,88.1,-2.9725,6.3485,Phil Gosselin,594838,595014,double,hit_into_play_no_out,NA,NA,NA,NA,7,Phil Gosselin doubles (2) on a ground ball to left fielder Khris Davis.,R,R,R,TEX,OAK,X,NA,ground_ball,0,1,2017,0.0246,-0.1787,-0.526,1.9306,NA,NA,NA,2,9,Bot,71.34,131.5,NA,NA,572863,NA,171001_214357,5.7674,-127.9544,-4.2329,-0.8343,24.3132,-33.52,3.2353,1.4172,7,83,-16.159,86.588,2562,5.247,492524,595014,572863,592387,620439,656305,543760,501981,519295,592192,55.2498,0.081,0.076,1.25,1,1,1,2,72,2,0
SI,2017-10-01,95.6,-2.9493,6.1661,Phil Gosselin,594838,595014,NA,called_strike,NA,NA,NA,NA,6,NA,R,R,R,TEX,OAK,S,NA,NA,0,0,2017,-1.1408,0.7345,0.5462,2.2086,NA,NA,NA,2,9,Bot,NA,NA,NA,NA,572863,NA,171001_214330,11.6407,-138.2957,-6.3227,-17.1465,31.3216,-21.6288,3.407,1.5789,NA,NA,NA,94.717,2220,6.127,492524,595014,572863,592387,620439,656305,543760,501981,519295,592192,54.3702,0,0,NA,NA,NA,NA,NA,72,1,NA
